university;average exam score;rise/fall;number of enrolled students;no exams;average score minus individual achievements
 Адыгейский гос. ун-т., г. Майкоп; 63.0; 0; 620; 0; Нет
 Адыгейский гос. ун-т., г. Майкоп; 63.0; 0; 620; 0; Нет
 Алтайский гос. аграрный ун-т., г. Барнаул; 56.3; -2.4; 523; 0; Нет
 Алтайский гос. аграрный ун-т., г. Барнаул; 56.3; -2.4; 523; 0; Нет
 Алтайский гос. медицинский ун-т., г. Барнаул ; 69.8; -3.9; 619; 0; Да
 Алтайский гос. медицинский ун-т., г. Барнаул ; 69.8; -3.9; 619; 0; Да
 Алтайский гос. педагогический ун-т., г. Барнаул; 66.7; -1.1; 712; 1; Да
 Алтайский гос. педагогический ун-т., г. Барнаул; 66.7; -1.1; 712; 1; Да
 Алтайский гос. техн. ун-т. им. И.И. Ползунова, г. Барнаул; 66.5; 2.8; 1061; 3; Нет
 Алтайский гос. техн. ун-т. им. И.И. Ползунова, г. Барнаул; 66.5; 2.8; 1061; 3; Нет
 Алтайский гос. ун-т., г. Барнаул; 74.4; 1.7; 1420; 23; Да
 Алтайский гос. ун-т., г. Барнаул; 74.4; 1.7; 1420; 23; Да
 Амурская гос. медицинская академия, г. Благовещенск; 62.4; -2.1; 332; 0; Да
 Амурская гос. медицинская академия, г. Благовещенск; 62.4; -2.1; 332; 0; Да
 Амурский гос. ун-т., г. Благовещенск; 61.3; -2.2; 602; 0; Нет
 Амурский гос. ун-т., г. Благовещенск; 61.3; -2.2; 602; 0; Нет
 Арзамасский филиал Национального исследовательского Нижегородского государственного ун-т.а им. Н.И. Лобачевского; 62.9; 0.1; 305; 0; Да
 Арзамасский филиал Национального исследовательского Нижегородского государственного ун-т.а им. Н.И. Лобачевского; 62.9; 0.1; 305; 0; Да
 Арктический гос. агротехнол. ун-т.; 48.7; -11.8; 368; 0; Нет
 Арктический гос. агротехнол. ун-т.; 48.7; -11.8; 368; 0; Нет
 Армавирский гос. педагогический ун-т.; 64.5; -1.2; 500; 0; Нет
 Армавирский гос. педагогический ун-т.; 64.5; -1.2; 500; 0; Нет
 Астраханский гос. медицинский ун-т.; 70.8; -0.8; 372; 0; Да
 Астраханский гос. медицинский ун-т.; 70.8; -0.8; 372; 0; Да
 Астраханский гос. техн. ун-т.; 56.8; -2; 561; 0; Нет
 Астраханский гос. техн. ун-т.; 56.8; -2; 561; 0; Нет
 Астраханский гос. ун-т.; 63.9; -2.2; 695; 1; Да
 Астраханский гос. ун-т.; 63.9; -2.2; 695; 1; Да
 Байкальский гос. ун-т., г. Иркутск; 71.4; -3.1; 342; 0; Да
 Байкальский гос. ун-т., г. Иркутск; 71.4; -3.1; 342; 0; Да
" Балтийский гос. техн. ун-т. ""Военмех"" им. Д.Ф. Устинова, г. Санкт-Петербург "; 74.1; -0.6; 946; 0; Нет
" Балтийский гос. техн. ун-т. ""Военмех"" им. Д.Ф. Устинова, г. Санкт-Петербург "; 74.1; -0.6; 946; 0; Нет
 Балтийский федеральный ун-т. им. И. Канта; 77.9; 0.3; 1312; 11; Нет
 Балтийский федеральный ун-т. им. И. Канта; 77.9; 0.3; 1312; 11; Нет
 Башкирский гос. аграрный ун-т., г. Уфа; 61.4; 0.5; 647; 0; Нет
 Башкирский гос. аграрный ун-т., г. Уфа; 61.4; 0.5; 647; 0; Нет
 Башкирский гос. медицинский ун-т., г. Уфа; 73.5; -3.1; 870; 0; Да
 Башкирский гос. медицинский ун-т., г. Уфа; 73.5; -3.1; 870; 0; Да
 Башкирский гос. педагогический ун-т. им. М. Акмуллы, г. Уфа; 71.8; 1.7; 734; 1; Нет
 Башкирский гос. педагогический ун-т. им. М. Акмуллы, г. Уфа; 71.8; 1.7; 734; 1; Нет
 Башкирский гос. ун-т., г. Уфа; 67.6; -2.1; 1011; 4; Да
 Башкирский гос. ун-т., г. Уфа; 67.6; -2.1; 1011; 4; Да
 Белгородский гос. аграрный ун-т. им. В.Я. Горина; 60.0; 1.3; 407; 0; Нет
 Белгородский гос. аграрный ун-т. им. В.Я. Горина; 60.0; 1.3; 407; 0; Нет
 Белгородский гос. национальный исследовательский ун-т.; 66.8; -2.5; 1460; 2; Да
 Белгородский гос. национальный исследовательский ун-т.; 66.8; -2.5; 1460; 2; Да
 Белгородский гос. технол. ун-т. им. В.Г. Шухова; 67.7; -1.5; 1342; 3; Нет
 Белгородский гос. технол. ун-т. им. В.Г. Шухова; 67.7; -1.5; 1342; 3; Нет
 Бирский филиал Башкирского государственного ун-т.а; 63.4; 0.3; 365; 0; Да
 Бирский филиал Башкирского государственного ун-т.а; 63.4; 0.3; 365; 0; Да
 Благовещенский гос. педагогический ун-т.; 62.7; -0.9; 427; 0; Нет
 Благовещенский гос. педагогический ун-т.; 62.7; -0.9; 427; 0; Нет
 Братский гос. ун-т.; 53.2; -5.2; 355; 0; Да
 Братский гос. ун-т.; 53.2; -5.2; 355; 0; Да
 Брянский гос. аграрный ун-т.; 48.8; 0; 391; 0; Нет
 Брянский гос. аграрный ун-т.; 48.8; 0; 391; 0; Нет
 Брянский гос. техн. ун-т.; 63.1; -0.8; 771; 0; Да
 Брянский гос. техн. ун-т.; 63.1; -0.8; 771; 0; Да
 Брянский гос. ун-т. им. И.Г. Петровского; 71.2; 0.8; 349; 0; Нет
 Брянский гос. ун-т. им. И.Г. Петровского; 71.2; 0.8; 349; 0; Нет
 Бурятская гос. сельскохозяйственная академия им. В.Р. Филиппова, г. Улан-Удэ; 58.0; 0.6; 399; 0; Нет
 Бурятская гос. сельскохозяйственная академия им. В.Р. Филиппова, г. Улан-Удэ; 58.0; 0.6; 399; 0; Нет
 Бурятский гос. ун-т., г. Улан-Удэ; 63.0; -0.9; 792; 0; Да
 Бурятский гос. ун-т., г. Улан-Удэ; 63.0; -0.9; 792; 0; Да
 Владивостокский гос. ун-т. экономики и сервиса; 65.6; -6.8; 357; 0; Нет
 Владивостокский гос. ун-т. экономики и сервиса; 65.6; -6.8; 357; 0; Нет
 Владимирский гос. ун-т.; 64.0; -1.9; 1420; 0; Да
 Владимирский гос. ун-т.; 64.0; -1.9; 1420; 0; Да
 Волгоградский гос. аграрный ун-т.; 55.5; -3.5; 709; 0; Нет
 Волгоградский гос. аграрный ун-т.; 55.5; -3.5; 709; 0; Нет
 Волгоградский гос. медицинский ун-т.; 73.8; -1.8; 675; 0; Да
 Волгоградский гос. медицинский ун-т.; 73.8; -1.8; 675; 0; Да
 Волгоградский гос. социально-педагогический ун-т.; 67.8; -1.3; 889; 0; Да
 Волгоградский гос. социально-педагогический ун-т.; 67.8; -1.3; 889; 0; Да
 Волгоградский гос. техн. ун-т.; 64.2; 0.3; 1198; 0; Да
 Волгоградский гос. техн. ун-т.; 64.2; 0.3; 1198; 0; Да
 Волгоградский гос. ун-т.; 69.0; -0.9; 969; 1; Да
 Волгоградский гос. ун-т.; 69.0; -0.9; 969; 1; Да
 Волжский гос. ун-т. водного транспорта, г. Нижний Новгород; 53.4; -0.3; 480; 0; Нет
 Волжский гос. ун-т. водного транспорта, г. Нижний Новгород; 53.4; -0.3; 480; 0; Нет
 Вологодская гос. молочнохозяйственная академия им. Н.В. Верещагина; 48.3; -5.4; 461; 0; Нет
 Вологодская гос. молочнохозяйственная академия им. Н.В. Верещагина; 48.3; -5.4; 461; 0; Нет
 Вологодский гос. ун-т.; 66.6; 0; 834; 0; Да
 Вологодский гос. ун-т.; 66.6; 0; 834; 0; Да
 Воронежский гос. аграрный ун-т. им. императора Петра I (бывшая им. К.Д. Глинки); 58.0; 0.1; 768; 0; Нет
 Воронежский гос. аграрный ун-т. им. императора Петра I (бывшая им. К.Д. Глинки); 58.0; 0.1; 768; 0; Нет
 Воронежский гос. лесотехн. ун-т. им. Г.Ф. Морозова; 64.8; 2.4; 352; 0; Нет
 Воронежский гос. лесотехн. ун-т. им. Г.Ф. Морозова; 64.8; 2.4; 352; 0; Нет
 Воронежский гос. медицинский ун-т. им. Н.Н. Бурденко ; 75.2; -2.5; 500; 0; Да
 Воронежский гос. медицинский ун-т. им. Н.Н. Бурденко ; 75.2; -2.5; 500; 0; Да
 Воронежский гос. педагогический ун-т.; 71.3; -1.2; 573; 0; Нет
 Воронежский гос. педагогический ун-т.; 71.3; -1.2; 573; 0; Нет
 Воронежский гос. техн. ун-т.; 66.2; 2; 1942; 6; Нет
 Воронежский гос. техн. ун-т.; 66.2; 2; 1942; 6; Нет
 Воронежский гос. ун-т.; 74.2; -0.2; 1734; 4; Нет
 Воронежский гос. ун-т.; 74.2; -0.2; 1734; 4; Нет
 Воронежский гос. ун-т. инженерных технологий; 65.9; 1.8; 624; 0; Да
 Воронежский гос. ун-т. инженерных технологий; 65.9; 1.8; 624; 0; Да
 Восточно-Сибирский гос. ун-т. технологий и управления, г. Улан-Удэ ; 52.2; -3.8; 588; 0; Да
 Восточно-Сибирский гос. ун-т. технологий и управления, г. Улан-Удэ ; 52.2; -3.8; 588; 0; Да
 Вятская гос. сельскохозяйственная академия, г. Киров; 60.1; 2; 353; 0; Да
 Вятская гос. сельскохозяйственная академия, г. Киров; 60.1; 2; 353; 0; Да
 Вятский гос. ун-т., г. Киров; 68.2; 0.1; 1827; 2; Да
 Вятский гос. ун-т., г. Киров; 68.2; 0.1; 1827; 2; Да
 Глазовский гос. педагогический ин-т. им. В.Г. Короленко; 66.5; -2.8; 440; 0; Да
 Глазовский гос. педагогический ин-т. им. В.Г. Короленко; 66.5; -2.8; 440; 0; Да
 Горно-Алтайский гос. ун-т.; 60.2; 1; 337; 0; Нет
 Горно-Алтайский гос. ун-т.; 60.2; 1; 337; 0; Нет
 Горский гос. аграрный ун-т., г. Владикавказ; 58.2; -1.9; 302; 0; Нет
 Горский гос. аграрный ун-т., г. Владикавказ; 58.2; -1.9; 302; 0; Нет
 Гос. аграрный ун-т. Северного Зауралья, г. Тюмень; 56.8; -3.1; 502; 0; Нет
 Гос. аграрный ун-т. Северного Зауралья, г. Тюмень; 56.8; -3.1; 502; 0; Нет
 Гос. гуманитарно-технол. ун-т., г. Орехово-Зуево; 66.0; -1.9; 370; 0; Нет
 Гос. гуманитарно-технол. ун-т., г. Орехово-Зуево; 66.0; -1.9; 370; 0; Нет
 Гос. социально-гуманитарный ун-т., г. Коломна; 69.7; 0.1; 365; 0; Нет
 Гос. социально-гуманитарный ун-т., г. Коломна; 69.7; 0.1; 365; 0; Нет
" Гос. ун-т. ""Дубна"""; 72.6; -1.3; 543; 2; Нет
" Гос. ун-т. ""Дубна"""; 72.6; -1.3; 543; 2; Нет
 Гос. ун-т. морского и речного флота им. адмирала С.О. Макарова, г. Санкт-Петербург; 67.8; -2.5; 1002; 0; Нет
 Гос. ун-т. морского и речного флота им. адмирала С.О. Макарова, г. Санкт-Петербург; 67.8; -2.5; 1002; 0; Нет
 Гос. ун-т. по землеустройству, г. Москва; 65.2; -1.3; 425; 0; Нет
 Гос. ун-т. по землеустройству, г. Москва; 65.2; -1.3; 425; 0; Нет
 Гос. ун-т. управления, г. Москва; 85.4; 1.7; 461; 4; Нет
 Гос. ун-т. управления, г. Москва; 85.4; 1.7; 461; 4; Нет
 Грозненский гос. нефтяной техн. ун-т. им. академика М.Д. Миллионщикова; 63.6; -0.3; 658; 0; Да
 Грозненский гос. нефтяной техн. ун-т. им. академика М.Д. Миллионщикова; 63.6; -0.3; 658; 0; Да
 Дагестанский гос. аграрный ун-т., г. Махачкала; 67.0; -6.4; 324; 0; Нет
 Дагестанский гос. аграрный ун-т., г. Махачкала; 67.0; -6.4; 324; 0; Нет
 Дагестанский гос. медицинский ун-т., г. Махачкала; 72.8; 1; 644; 0; Да
 Дагестанский гос. медицинский ун-т., г. Махачкала; 72.8; 1; 644; 0; Да
 Дагестанский гос. педагогический ун-т., г. Махачкала; 56.6; -0.4; 824; 0; Да
 Дагестанский гос. педагогический ун-т., г. Махачкала; 56.6; -0.4; 824; 0; Да
 Дагестанский гос. техн. ун-т., г. Махачкала; 59.8; -2; 622; 1; Да
 Дагестанский гос. техн. ун-т., г. Махачкала; 59.8; -2; 622; 1; Да
 Дагестанский гос. ун-т., г. Махачкала; 63.0; -0.4; 1025; 19; Нет
 Дагестанский гос. ун-т., г. Махачкала; 63.0; -0.4; 1025; 19; Нет
 Дагестанский гос. ун-т. народного хозяйства, г. Махачкала; 70.2; -7.1; 595; 0; Да
 Дагестанский гос. ун-т. народного хозяйства, г. Махачкала; 70.2; -7.1; 595; 0; Да
 Дальневосточный гос. аграрный ун-т., г. Благовещенск; 49.2; -1; 411; 0; Нет
 Дальневосточный гос. аграрный ун-т., г. Благовещенск; 49.2; -1; 411; 0; Нет
 Дальневосточный гос. медицинский ун-т., г. Хабаровск ; 66.3; -2.9; 454; 0; Нет
 Дальневосточный гос. медицинский ун-т., г. Хабаровск ; 66.3; -2.9; 454; 0; Нет
 Дальневосточный гос. техн. рыбохозяйственный ун-т., г. Владивосток; 50.9; -2.7; 399; 0; Нет
 Дальневосточный гос. техн. рыбохозяйственный ун-т., г. Владивосток; 50.9; -2.7; 399; 0; Нет
 Дальневосточный гос. ун-т. путей сообщения, г. Хабаровск; 57.1; -1.7; 1091; 0; Да
 Дальневосточный гос. ун-т. путей сообщения, г. Хабаровск; 57.1; -1.7; 1091; 0; Да
 Дальневосточный федеральный ун-т.; 73.0; -0.3; 2649; 25; Нет
 Дальневосточный федеральный ун-т.; 73.0; -0.3; 2649; 25; Нет
 Донской гос. аграрный ун-т., пос. Персиановский; 53.0; -10.9; 359; 0; Нет
 Донской гос. аграрный ун-т., пос. Персиановский; 53.0; -10.9; 359; 0; Нет
 Донской гос. техн. ун-т., г. Ростов-на-Дону; 62.2; 0.8; 2865; 0; Да
 Донской гос. техн. ун-т., г. Ростов-на-Дону; 62.2; 0.8; 2865; 0; Да
 Елецкий гос. ун-т. им. И.А. Бунина; 56.1; -2.7; 463; 0; Да
 Елецкий гос. ун-т. им. И.А. Бунина; 56.1; -2.7; 463; 0; Да
 Забайкальский гос. ун-т.; 58.4; -1.8; 818; 0; Нет
 Забайкальский гос. ун-т.; 58.4; -1.8; 818; 0; Нет
 Ивановская гос. медицинская академия; 71.7; -3.3; 358; 1; Да
 Ивановская гос. медицинская академия; 71.7; -3.3; 358; 1; Да
 Ивановский гос. политехн. ун-т.; 64.5; -0.7; 379; 0; Нет
 Ивановский гос. политехн. ун-т.; 64.5; -0.7; 379; 0; Нет
 Ивановский гос. ун-т.; 67.5; -0.3; 383; 0; Да
 Ивановский гос. ун-т.; 67.5; -0.3; 383; 0; Да
 Ивановский гос. химико-технол. ун-т.; 62.2; -1.1; 587; 0; Нет
 Ивановский гос. химико-технол. ун-т.; 62.2; -1.1; 587; 0; Нет
 Ивановский гос. энергетический ун-т.; 67.1; -0.3; 682; 0; Да
 Ивановский гос. энергетический ун-т.; 67.1; -0.3; 682; 0; Да
 Ижевская гос. медицинская академия; 73.4; -1; 485; 0; Да
 Ижевская гос. медицинская академия; 73.4; -1; 485; 0; Да
 Ижевская гос. сельскохозяйственная академия; 52.9; -0.7; 562; 0; Нет
 Ижевская гос. сельскохозяйственная академия; 52.9; -0.7; 562; 0; Нет
 Ижевский гос. техн. ун-т. им. М.Т. Калашникова; 65.8; -1.3; 981; 4; Да
 Ижевский гос. техн. ун-т. им. М.Т. Калашникова; 65.8; -1.3; 981; 4; Да
 Ингушский гос. ун-т., г. Магас; 62.3; -3.1; 709; 0; Да
 Ингушский гос. ун-т., г. Магас; 62.3; -3.1; 709; 0; Да
 Ин-т. сферы обслуживания и предпринимательства (филиал) Донского государственного технического ун-т.а в г. Шахты; 54.4; 2.7; 331; 0; Да
 Ин-т. сферы обслуживания и предпринимательства (филиал) Донского государственного технического ун-т.а в г. Шахты; 54.4; 2.7; 331; 0; Да
 Иркутский гос. аграрный ун-т. им. А.А. Ежевского; 54.2; 0.5; 471; 0; Нет
 Иркутский гос. аграрный ун-т. им. А.А. Ежевского; 54.2; 0.5; 471; 0; Нет
 Иркутский гос. медицинский ун-т.; 66.6; -5.1; 469; 0; Да
 Иркутский гос. медицинский ун-т.; 66.6; -5.1; 469; 0; Да
 Иркутский гос. ун-т.; 67.2; 0.4; 1752; 2; Нет
 Иркутский гос. ун-т.; 67.2; 0.4; 1752; 2; Нет
 Иркутский гос. ун-т. путей сообщения; 52.7; 0.9; 665; 1; Нет
 Иркутский гос. ун-т. путей сообщения; 52.7; 0.9; 665; 1; Нет
 Иркутский национальный исследовательский техн. ун-т.; 64.3; 1; 1559; 2; Нет
 Иркутский национальный исследовательский техн. ун-т.; 64.3; 1; 1559; 2; Нет
 Кабардино-Балкарский гос. аграрный ун-т. им. В.М. Кокова; 45.4; -0.6; 360; 0; Нет
 Кабардино-Балкарский гос. аграрный ун-т. им. В.М. Кокова; 45.4; -0.6; 360; 0; Нет
 Кабардино-Балкарский гос. ун-т. им. Х.М. Бербекова, г. Нальчик; 72.0; 5.2; 921; 0; Нет
 Кабардино-Балкарский гос. ун-т. им. Х.М. Бербекова, г. Нальчик; 72.0; 5.2; 921; 0; Нет
 Казанская гос. академия ветеринарной медицины им. Н.Э. Баумана; 64.6; 1; 315; 0; Да
 Казанская гос. академия ветеринарной медицины им. Н.Э. Баумана; 64.6; 1; 315; 0; Да
 Казанский гос. аграрный ун-т.; 56.7; -3; 360; 0; Да
 Казанский гос. аграрный ун-т.; 56.7; -3; 360; 0; Да
 Казанский гос. архитектурно-строительный ун-т.; 76.5; 1.4; 429; 0; Да
 Казанский гос. архитектурно-строительный ун-т.; 76.5; 1.4; 429; 0; Да
 Казанский гос. медицинский ун-т.; 77.6; -3.1; 509; 8; Да
 Казанский гос. медицинский ун-т.; 77.6; -3.1; 509; 8; Да
 Казанский гос. энергетический ун-т.; 71.1; -1.4; 1045; 0; Да
 Казанский гос. энергетический ун-т.; 71.1; -1.4; 1045; 0; Да
 Казанский национальный исследовательский техн. ун-т. им. А.Н.Туполева; 75.4; 0.1; 1436; 14; Да
 Казанский национальный исследовательский техн. ун-т. им. А.Н.Туполева; 75.4; 0.1; 1436; 14; Да
 Казанский национальный исследовательский технол. ун-т.; 67.0; -2; 1819; 0; Да
 Казанский национальный исследовательский технол. ун-т.; 67.0; -2; 1819; 0; Да
 Казанский (Приволжский) федеральный ун-т.; 80.0; -0.5; 2893; 10; Да
 Казанский (Приволжский) федеральный ун-т.; 80.0; -0.5; 2893; 10; Да
 Калининградский гос. техн. ун-т.; 61.4; -4.6; 515; 0; Да
 Калининградский гос. техн. ун-т.; 61.4; -4.6; 515; 0; Да
 Калмыцкий гос. ун-т., г. Элиста; 61.1; 1.9; 729; 0; Нет
 Калмыцкий гос. ун-т., г. Элиста; 61.1; 1.9; 729; 0; Нет
 Калужский гос. ун-т. им. К.Э. Циолковского; 75.2; 0.7; 453; 1; Нет
 Калужский гос. ун-т. им. К.Э. Циолковского; 75.2; 0.7; 453; 1; Нет
 Калужский филиал Московского государственного технического ун-т.а им. Н.Э. Баумана; 66.9; -0.3; 531; 0; Да
 Калужский филиал Московского государственного технического ун-т.а им. Н.Э. Баумана; 66.9; -0.3; 531; 0; Да
 Карачаево-Черкесский гос. ун-т. им. У.Д. Алиева; 59.6; 2.5; 368; 0; Нет
 Карачаево-Черкесский гос. ун-т. им. У.Д. Алиева; 59.6; 2.5; 368; 0; Нет
 Кемеровский гос. медицинский ун-т.; 67.5; -2.9; 654; 0; Да
 Кемеровский гос. медицинский ун-т.; 67.5; -2.9; 654; 0; Да
 Кемеровский гос. ун-т.; 65.8; -0.1; 1334; 3; Нет
 Кемеровский гос. ун-т.; 65.8; -0.1; 1334; 3; Нет
 Кировский гос. медицинский ун-т.; 73.4; 0.5; 375; 0; Да
 Кировский гос. медицинский ун-т.; 73.4; 0.5; 375; 0; Да
 Комсомольский-на-Амуре гос. техн. ун-т.; 58.4; -0.5; 666; 0; Нет
 Комсомольский-на-Амуре гос. техн. ун-т.; 58.4; -0.5; 666; 0; Нет
 Костромская гос. сельскохозяйственная академия; 53.7; -0.8; 360; 0; Да
 Костромская гос. сельскохозяйственная академия; 53.7; -0.8; 360; 0; Да
 Костромской гос. ун-т.; 66.0; -0.5; 703; 0; Да
 Костромской гос. ун-т.; 66.0; -0.5; 703; 0; Да
 Красноярский гос. аграрный ун-т.; 53.7; 0.1; 599; 0; Нет
 Красноярский гос. аграрный ун-т.; 53.7; 0.1; 599; 0; Нет
 Красноярский гос. медицинский ун-т. им. В.Ф. Войно-Ясенецкого; 70.4; -4.6; 476; 5; Да
 Красноярский гос. медицинский ун-т. им. В.Ф. Войно-Ясенецкого; 70.4; -4.6; 476; 5; Да
 Красноярский гос. педагогический ун-т. им. В.П. Астафьева; 68.5; -0.6; 712; 1; Да
 Красноярский гос. педагогический ун-т. им. В.П. Астафьева; 68.5; -0.6; 712; 1; Да
 Крымский инженерно-педагогический ун-т., г. Симферополь; 56.6;; 720; 0; Да
 Крымский инженерно-педагогический ун-т., г. Симферополь; 56.6;; 720; 0; Да
 Крымский федеральный ун-т. им. В.И. Вернадского; 64.7; -2.3; 2520; 2; Да
 Крымский федеральный ун-т. им. В.И. Вернадского; 64.7; -2.3; 2520; 2; Да
 Кубанский гос. аграрный ун-т. им. И.Т. Трубилина, г. Краснодар; 67.9; 1.4; 1001; 0; Нет
 Кубанский гос. аграрный ун-т. им. И.Т. Трубилина, г. Краснодар; 67.9; 1.4; 1001; 0; Нет
 Кубанский гос. медицинский ун-т., г. Краснодар ; 77.0; -1.9; 525; 0; Да
 Кубанский гос. медицинский ун-т., г. Краснодар ; 77.0; -1.9; 525; 0; Да
 Кубанский гос. технол. ун-т., г. Краснодар; 68.6; -2.2; 977; 1; Да
 Кубанский гос. технол. ун-т., г. Краснодар; 68.6; -2.2; 977; 1; Да
 Кубанский гос. ун-т., г. Краснодар; 76.6; 0.2; 1766; 7; Да
 Кубанский гос. ун-т., г. Краснодар; 76.6; 0.2; 1766; 7; Да
 Кузбасский гос. техн. ун-т. им. Т.Ф. Горбачева, г. Кемерово; 58.2; -1.4; 826; 0; Да
 Кузбасский гос. техн. ун-т. им. Т.Ф. Горбачева, г. Кемерово; 58.2; -1.4; 826; 0; Да
 Курганский гос. ун-т.; 63.8; -1; 697; 0; Нет
 Курганский гос. ун-т.; 63.8; -1; 697; 0; Нет
 Курский гос. медицинский ун-т.; 73.5; -0.3; 551; 0; Да
 Курский гос. медицинский ун-т.; 73.5; -0.3; 551; 0; Да
 Курский гос. ун-т.; 68.9; 0.2; 855; 0; Да
 Курский гос. ун-т.; 68.9; 0.2; 855; 0; Да
 Ленинградский гос. ун-т. им. А.С. Пушкина, г. Санкт-Петербург; 78.4; 0.1; 523; 1; Да
 Ленинградский гос. ун-т. им. А.С. Пушкина, г. Санкт-Петербург; 78.4; 0.1; 523; 1; Да
 Липецкий гос. педагогический ун-т.; 64.9; -0.7; 579; 1; Да
 Липецкий гос. педагогический ун-т.; 64.9; -0.7; 579; 1; Да
 Липецкий гос. техн. ун-т.; 63.4; -1.7; 571; 0; Нет
 Липецкий гос. техн. ун-т.; 63.4; -1.7; 571; 0; Нет
 Магнитогорский гос. техн. ун-т. им. Г.И. Носова; 64.8; 1; 1405; 2; Нет
 Магнитогорский гос. техн. ун-т. им. Г.И. Носова; 64.8; 1; 1405; 2; Нет
 Майкопский гос. технол. ун-т.; 60.4; 2.2; 344; 0; Нет
 Майкопский гос. технол. ун-т.; 60.4; 2.2; 344; 0; Нет
 Марийский гос. ун-т., г. Йошкар-Ола; 66.9; 1.2; 1277; 0; Нет
 Марийский гос. ун-т., г. Йошкар-Ола; 66.9; 1.2; 1277; 0; Нет
 МИРЭА - Российский технол. ун-т.; 81.5; 1.6; 3031; 54; Да
 МИРЭА - Российский технол. ун-т.; 81.5; 1.6; 3031; 54; Да
 Мичуринский гос. аграрный ун-т.; 53.8; -2.2; 501; 0; Нет
 Мичуринский гос. аграрный ун-т.; 53.8; -2.2; 501; 0; Нет
 Мордовский гос. педагогический ин-т. им. М.Е. Евсевьева, г. Саранск; 64.2; -0.6; 575; 0; Нет
 Мордовский гос. педагогический ин-т. им. М.Е. Евсевьева, г. Саранск; 64.2; -0.6; 575; 0; Нет
 Морской гос. ун-т. им. адмирала Г.И. Невельского, г. Владивосток; 58.1; 1.5; 444; 0; Нет
 Морской гос. ун-т. им. адмирала Г.И. Невельского, г. Владивосток; 58.1; 1.5; 444; 0; Нет
 Моск. авиационный ин-т. (национальный исследовательский ун-т.); 78.5; 1; 2790; 22; Да
 Моск. авиационный ин-т. (национальный исследовательский ун-т.); 78.5; 1; 2790; 22; Да
 Моск. автомобильно-дорожный гос. техн. ун-т. (МАДИ); 65.7; -0.5; 794; 1; Да
 Моск. автомобильно-дорожный гос. техн. ун-т. (МАДИ); 65.7; -0.5; 794; 1; Да
 Моск. городской педагогический ун-т.; 87.2; 1.7; 1094; 82; Да
 Моск. городской педагогический ун-т.; 87.2; 1.7; 1094; 82; Да
 Моск. гос. ин-т. международных отношений; 96.7; 0.5; 405; 102; Да
 Моск. гос. ин-т. международных отношений; 96.7; 0.5; 405; 102; Да
 Моск. гос. лингвистический ун-т.; 89.6; 0; 532; 48; Да
 Моск. гос. лингвистический ун-т.; 89.6; 0; 532; 48; Да
 Моск. гос. медико-стоматологический ун-т.; 81.9; -0.3; 642; 23; Да
 Моск. гос. медико-стоматологический ун-т.; 81.9; -0.3; 642; 23; Да
 Моск. гос. областной ун-т.; 73.8; 1; 840; 14; Да
 Моск. гос. областной ун-т.; 73.8; 1; 840; 14; Да
 Моск. гос. психолого-педагогический ун-т.; 79.3; 2.9; 500; 0; Нет
 Моск. гос. психолого-педагогический ун-т.; 79.3; 2.9; 500; 0; Нет
 Моск. гос. техн. ун-т. гражданской авиации; 64.9; -0.6; 575; 0; Да
 Моск. гос. техн. ун-т. гражданской авиации; 64.9; -0.6; 575; 0; Да
 Моск. гос. техн. ун-т. им. Н.Э. Баумана; 82.7; 0.8; 3551; 201; Да
 Моск. гос. техн. ун-т. им. Н.Э. Баумана; 82.7; 0.8; 3551; 201; Да
" Моск. гос. технол. ун-т. ""Станкин"""; 71.2; -0.5; 829; 3; Да
" Моск. гос. технол. ун-т. ""Станкин"""; 71.2; -0.5; 829; 3; Да
 Моск. гос. ун-т. геодезии и картографии; 70.9; -2.8; 467; 2; Да
 Моск. гос. ун-т. геодезии и картографии; 70.9; -2.8; 467; 2; Да
 Моск. гос. ун-т. им. М.В. Ломоносова; 90.2; -0.6; 3835; 496; Да
 Моск. гос. ун-т. им. М.В. Ломоносова; 90.2; -0.6; 3835; 496; Да
 Моск. гос. ун-т. пищевых производств; 76.8; 1.6; 591; 0; Да
 Моск. гос. ун-т. пищевых производств; 76.8; 1.6; 591; 0; Да
 Моск. гос. ун-т. технологий и управления им. К.Г. Разумовского (Первый казачий ун-т.); 74.7; -6.2; 322; 0; Да
 Моск. гос. ун-т. технологий и управления им. К.Г. Разумовского (Первый казачий ун-т.); 74.7; -6.2; 322; 0; Да
 Моск. гос. юридический ун-т. им. О.Е. Кутафина; 89.6; -0.3; 809; 79; Да
 Моск. гос. юридический ун-т. им. О.Е. Кутафина; 89.6; -0.3; 809; 79; Да
 Моск. педагогический гос. ун-т.; 79.5; -0.5; 1225; 5; Да
 Моск. педагогический гос. ун-т.; 79.5; -0.5; 1225; 5; Да
 Моск. политехн. ун-т.; 76.1; 2.5; 1756; 35; Да
 Моск. политехн. ун-т.; 76.1; 2.5; 1756; 35; Да
 Моск. техн. ун-т. связи и информатики; 75.1; -1.8; 1022; 18; Да
 Моск. техн. ун-т. связи и информатики; 75.1; -1.8; 1022; 18; Да
 Моск. физико-техн. ин-т.; 97.1; -0.5; 914; 382; Да
 Моск. физико-техн. ин-т.; 97.1; -0.5; 914; 382; Да
 Мурманский гос. техн. ун-т.; 64.0; -1.4; 408; 0; Да
 Мурманский гос. техн. ун-т.; 64.0; -1.4; 408; 0; Да
 Мытищинский филиал МГТУ им. Н. Э. Баумана (МГУЛ); 64.4; 3.3; 512; 0; Да
 Мытищинский филиал МГТУ им. Н. Э. Баумана (МГУЛ); 64.4; 3.3; 512; 0; Да
 Набережночелнинский ин-т. (филиал) Казанского (Приволжского) федерального ун-т.а; 66.1; 2.8; 734; 0; Да
 Набережночелнинский ин-т. (филиал) Казанского (Приволжского) федерального ун-т.а; 66.1; 2.8; 734; 0; Да
 Национальный исследовательский Мордовский гос. ун-т. им. Н.П. Огарева, г. Саранск; 67.4; -0.2; 1572; 4; Нет
 Национальный исследовательский Мордовский гос. ун-т. им. Н.П. Огарева, г. Саранск; 67.4; -0.2; 1572; 4; Нет
 Национальный исследовательский Моск. гос. строительный ун-т.; 74.3; -0.3; 1755; 5; Да
 Национальный исследовательский Моск. гос. строительный ун-т.; 74.3; -0.3; 1755; 5; Да
 Национальный исследовательский Нижегородский гос. ун-т. им. Н.И. Лобачевского; 78.7; 1.5; 1749; 32; Да
 Национальный исследовательский Нижегородский гос. ун-т. им. Н.И. Лобачевского; 78.7; 1.5; 1749; 32; Да
" Национальный исследовательский технол. ун-т. ""МИСиС"", г. Москва"; 88.8; 0.4; 698; 150; Да
" Национальный исследовательский технол. ун-т. ""МИСиС"", г. Москва"; 88.8; 0.4; 698; 150; Да
 Национальный исследовательский Томский гос. ун-т.; 80.1; 0.7; 2109; 127; Да
 Национальный исследовательский Томский гос. ун-т.; 80.1; 0.7; 2109; 127; Да
 Национальный исследовательский Томский политехн. ун-т.; 74.8; -3.2; 1809; 54; Нет
 Национальный исследовательский Томский политехн. ун-т.; 74.8; -3.2; 1809; 54; Нет
" Национальный исследовательский ун-т. ""Высшая школа экономики"", г. Москва"; 96.3; 1.1; 2411; 1062; Да
" Национальный исследовательский ун-т. ""Высшая школа экономики"", г. Москва"; 96.3; 1.1; 2411; 1062; Да
" Национальный исследовательский ун-т. ""Высшая школа экономики"", филиал, г. Нижний Новгород"; 87.5; -0.5; 429; 33; Да
" Национальный исследовательский ун-т. ""Высшая школа экономики"", филиал, г. Нижний Новгород"; 87.5; -0.5; 429; 33; Да
" Национальный исследовательский ун-т. ""Высшая школа экономики"", филиал, г. Санкт-Петербург"; 93.7; 0.9; 561; 201; Да
" Национальный исследовательский ун-т. ""Высшая школа экономики"", филиал, г. Санкт-Петербург"; 93.7; 0.9; 561; 201; Да
 Национальный исследовательский ун-т. «МИЭТ» (Моск. ин-т. электронной техники); 78.3; -2.2; 865; 12; Нет
 Национальный исследовательский ун-т. «МИЭТ» (Моск. ин-т. электронной техники); 78.3; -2.2; 865; 12; Нет
" Национальный исследовательский ун-т. ""Моск. энергетический ин-т."""; 73.1; -0.7; 2392; 23; Нет
" Национальный исследовательский ун-т. ""Моск. энергетический ин-т."""; 73.1; -0.7; 2392; 23; Нет
 Национальный исследовательский Южно-Уральский гос. ун-т., г. Челябинск; 67.6; -2.8; 2154; 17; Да
 Национальный исследовательский Южно-Уральский гос. ун-т., г. Челябинск; 67.6; -2.8; 2154; 17; Да
" Национальный исследовательский ядерный ун-т. ""МИФИ"", г. Москва"; 93.5; -1.5; 824; 304; Да
" Национальный исследовательский ядерный ун-т. ""МИФИ"", г. Москва"; 93.5; -1.5; 824; 304; Да
 Нижегородская гос. сельскохозяйственная академия; 57.4; 1.2; 407; 0; Нет
 Нижегородская гос. сельскохозяйственная академия; 57.4; 1.2; 407; 0; Нет
 Нижегородский гос. архитектурно-строительный ун-т.; 69.2; -1.3; 732; 0; Нет
 Нижегородский гос. архитектурно-строительный ун-т.; 69.2; -1.3; 732; 0; Нет
 Нижегородский гос. педагогический ун-т. им. Козьмы Минина; 74.1; -1.4; 700; 0; Нет
 Нижегородский гос. педагогический ун-т. им. Козьмы Минина; 74.1; -1.4; 700; 0; Нет
 Нижегородский гос. техн. ун-т. им. Р.Е. Алексеева; 68.5; -0.4; 1238; 0; Да
 Нижегородский гос. техн. ун-т. им. Р.Е. Алексеева; 68.5; -0.4; 1238; 0; Да
 Нижневартовский гос. ун-т.; 65.5; 1.6; 402; 0; Нет
 Нижневартовский гос. ун-т.; 65.5; 1.6; 402; 0; Нет
 Нижнетагильский гос. социально-педагогический ин-т.; 65.5;; 433; 0; Да
 Нижнетагильский гос. социально-педагогический ин-т.; 65.5;; 433; 0; Да
 Новгородский гос. ун-т. им. Ярослава Мудрого; 70.2; 0.3; 948; 2; Нет
 Новгородский гос. ун-т. им. Ярослава Мудрого; 70.2; 0.3; 948; 2; Нет
 Новокузнецкий ин-т. (филиал) Кемеровского государственного ун-т.а; 67.5; 0.8; 381; 0; Нет
 Новокузнецкий ин-т. (филиал) Кемеровского государственного ун-т.а; 67.5; 0.8; 381; 0; Нет
 Новосибирский гос. аграрный ун-т.; 59.7; 0; 745; 0; Да
 Новосибирский гос. аграрный ун-т.; 59.7; 0; 745; 0; Да
 Новосибирский гос. архитектурно-строительный ун-т.; 67.2; 0.5; 649; 0; Нет
 Новосибирский гос. архитектурно-строительный ун-т.; 67.2; 0.5; 649; 0; Нет
 Новосибирский гос. медицинский ун-т.; 74.6; 0.1; 570; 0; Да
 Новосибирский гос. медицинский ун-т.; 74.6; 0.1; 570; 0; Да
 Новосибирский гос. педагогический ун-т.; 69.9; -0.7; 998; 0; Да
 Новосибирский гос. педагогический ун-т.; 69.9; -0.7; 998; 0; Да
 Новосибирский гос. техн. ун-т.; 73.1; -0.9; 2023; 3; Да
 Новосибирский гос. техн. ун-т.; 73.1; -0.9; 2023; 3; Да
 Новосибирский национальный исследовательский гос. ун-т.; 87.0; -0.8; 1288; 87; Нет
 Новосибирский национальный исследовательский гос. ун-т.; 87.0; -0.8; 1288; 87; Нет
 Обнинский ин-т. атомной энергетики - филиал Национального исследовательского ядерного ун-т.а «МИФИ»; 73.4; -0.7; 410; 2; Да
 Обнинский ин-т. атомной энергетики - филиал Национального исследовательского ядерного ун-т.а «МИФИ»; 73.4; -0.7; 410; 2; Да
 Омский гос. аграрный ун-т.; 56.2; -0.6; 721; 0; Нет
 Омский гос. аграрный ун-т.; 56.2; -0.6; 721; 0; Нет
 Омский гос. медицинский ун-т.; 71.7; -1.8; 395; 0; Нет
 Омский гос. медицинский ун-т.; 71.7; -1.8; 395; 0; Нет
 Омский гос. педагогический ун-т.; 68.0; 0.5; 704; 0; Нет
 Омский гос. педагогический ун-т.; 68.0; 0.5; 704; 0; Нет
 Омский гос. техн. ун-т.; 64.4; 0.9; 1891; 1; Нет
 Омский гос. техн. ун-т.; 64.4; 0.9; 1891; 1; Нет
 Омский гос. ун-т. им. Ф.М. Достоевского; 70.3; -2.9; 774; 4; Да
 Омский гос. ун-т. им. Ф.М. Достоевского; 70.3; -2.9; 774; 4; Да
 Омский гос. ун-т. путей сообщения; 54.8; -2.4; 763; 0; Нет
 Омский гос. ун-т. путей сообщения; 54.8; -2.4; 763; 0; Нет
 Оренбургский гос. аграрный ун-т.; 53.1;; 533; 0; Нет
 Оренбургский гос. аграрный ун-т.; 53.1;; 533; 0; Нет
 Оренбургский гос. медицинский ун-т.; 74.3; -1; 540; 0; Нет
 Оренбургский гос. медицинский ун-т.; 74.3; -1; 540; 0; Нет
 Оренбургский гос. педагогический ун-т.; 72.5; -0.2; 434; 0; Нет
 Оренбургский гос. педагогический ун-т.; 72.5; -0.2; 434; 0; Нет
 Оренбургский гос. ун-т.; 65.6; 0.4; 1264; 0; Нет
 Оренбургский гос. ун-т.; 65.6; 0.4; 1264; 0; Нет
 Орловский гос. аграрный ун-т.; 59.9;; 438; 0; Да
 Орловский гос. аграрный ун-т.; 59.9;; 438; 0; Да
 Орловский гос. ун-т. им. И.С. Тургенева; 68.2; -0.9; 1581; 2; Нет
 Орловский гос. ун-т. им. И.С. Тургенева; 68.2; -0.9; 1581; 2; Нет
 Пензенский гос. аграрный ун-т.; 54.0; -1; 395; 0; Да
 Пензенский гос. аграрный ун-т.; 54.0; -1; 395; 0; Да
 Пензенский гос. технол. ун-т.; 63.5; -2.6; 409; 0; Нет
 Пензенский гос. технол. ун-т.; 63.5; -2.6; 409; 0; Нет
 Пензенский гос. ун-т.; 69.6; -2.1; 1522; 9; Да
 Пензенский гос. ун-т.; 69.6; -2.1; 1522; 9; Да
 Пензенский гос. ун-т. архитектуры и строительства; 65.6; 2.6; 540; 25; Да
 Пензенский гос. ун-т. архитектуры и строительства; 65.6; 2.6; 540; 25; Да
 Первый гос. московский медицинский ун-т. им. И.М. Сеченова; 84.4; -0.6; 1861; 230; Да
 Первый гос. московский медицинский ун-т. им. И.М. Сеченова; 84.4; -0.6; 1861; 230; Да
 Первый Санкт-Петербургский гос. медицинский ун-т. им. И.П. Павлова; 80.3; -1.8; 696; 3; Да
 Первый Санкт-Петербургский гос. медицинский ун-т. им. И.П. Павлова; 80.3; -1.8; 696; 3; Да
 Пермский гос. аграрно-технол. ун-т. им. академика Д.Н. Прянишникова; 61.8; 1.5; 585; 0; Нет
 Пермский гос. аграрно-технол. ун-т. им. академика Д.Н. Прянишникова; 61.8; 1.5; 585; 0; Нет
 Пермский гос. гуманитарно-педагогический ун-т.; 69.5; -1.6; 555; 0; Да
 Пермский гос. гуманитарно-педагогический ун-т.; 69.5; -1.6; 555; 0; Да
 Пермский гос. медицинский ун-т.; 71.8; 0.5; 491; 0; Да
 Пермский гос. медицинский ун-т.; 71.8; 0.5; 491; 0; Да
 Пермский гос. национальный исследовательский ун-т.; 71.8; -2.5; 1472; 2; Нет
 Пермский гос. национальный исследовательский ун-т.; 71.8; -2.5; 1472; 2; Нет
 Пермский национальный исследовательский политехн. ун-т.; 69.0; -0.2; 1822; 0; Нет
 Пермский национальный исследовательский политехн. ун-т.; 69.0; -0.2; 1822; 0; Нет
 Петербургский гос. ун-т. путей сообщения; 64.5; -0.1; 1016; 0; Нет
 Петербургский гос. ун-т. путей сообщения; 64.5; -0.1; 1016; 0; Нет
 Петрозаводский гос. ун-т.; 70.2; 0.6; 1336; 1; Нет
 Петрозаводский гос. ун-т.; 70.2; 0.6; 1336; 1; Нет
 Поволжский гос. технол. ун-т., г. Йошкар-Ола; 68.3; 2.4; 1301; 0; Нет
 Поволжский гос. технол. ун-т., г. Йошкар-Ола; 68.3; 2.4; 1301; 0; Нет
 Поволжский гос. ун-т. телекоммуникаций и информатики, г. Самара; 62.7; 0.4; 820; 0; Нет
 Поволжский гос. ун-т. телекоммуникаций и информатики, г. Самара; 62.7; 0.4; 820; 0; Нет
 Приволжский исследовательский медицинский ун-т., г. Нижний Новгород; 76.2; -3.2; 475; 0; Да
 Приволжский исследовательский медицинский ун-т., г. Нижний Новгород; 76.2; -3.2; 475; 0; Да
 Псковский гос. ун-т.; 67.8; -2.5; 600; 0; Нет
 Псковский гос. ун-т.; 67.8; -2.5; 600; 0; Нет
 Российская академия народного хозяйства и государственной службы при Президенте РФ, г. Москва; 93.6; 1.6; 706; 265; Да
 Российская академия народного хозяйства и государственной службы при Президенте РФ, г. Москва; 93.6; 1.6; 706; 265; Да
 Российский гос. аграрный ун-т. — МСХА им. К.А. Тимирязева, г. Москва; 67.4; 0.7; 1887; 3; Да
 Российский гос. аграрный ун-т. — МСХА им. К.А. Тимирязева, г. Москва; 67.4; 0.7; 1887; 3; Да
 Российский гос. геологоразведочный ун-т. им. Серго Орджоникидзе, г. Москва; 67.1; -0.8; 382; 0; Да
 Российский гос. геологоразведочный ун-т. им. Серго Орджоникидзе, г. Москва; 67.1; -0.8; 382; 0; Да
 Российский гос. гидрометеорологический ун-т., г. Санкт-Петербург; 69.5; -0.3; 466; 0; Нет
 Российский гос. гидрометеорологический ун-т., г. Санкт-Петербург; 69.5; -0.3; 466; 0; Нет
 Российский гос. гуманитарный ун-т., г. Москва; 84.8; -1.3; 565; 5; Да
 Российский гос. гуманитарный ун-т., г. Москва; 84.8; -1.3; 565; 5; Да
 Российский гос. педагогический ун-т. им. А.И. Герцена, г. Санкт-Петербург; 79.7; 1; 1351; 31; Да
 Российский гос. педагогический ун-т. им. А.И. Герцена, г. Санкт-Петербург; 79.7; 1; 1351; 31; Да
 Российский гос. профессионально-педагогический ун-т., г. Екатеринбург; 73.2; -3.6; 504; 0; Нет
 Российский гос. профессионально-педагогический ун-т., г. Екатеринбург; 73.2; -3.6; 504; 0; Нет
 Российский гос. социальный ун-т., г . Москва; 76.6; 1.2; 359; 0; Да
 Российский гос. социальный ун-т., г . Москва; 76.6; 1.2; 359; 0; Да
 Российский гос. ун-т. им. А.Н. Косыгина (Технологии. Дизайн. Искусство), г. Москва; 77.1; 1; 1125; 20; Да
 Российский гос. ун-т. им. А.Н. Косыгина (Технологии. Дизайн. Искусство), г. Москва; 77.1; 1; 1125; 20; Да
 Российский гос. ун-т. нефти и газа им. И.М. Губкина, г. Москва; 83.0; 1.1; 1240; 39; Да
 Российский гос. ун-т. нефти и газа им. И.М. Губкина, г. Москва; 83.0; 1.1; 1240; 39; Да
 Российский национальный исследовательский медицинский ун-т. им. Н.И. Пирогова, г. Москва; 83.4; 0.2; 1605; 86; Да
 Российский национальный исследовательский медицинский ун-т. им. Н.И. Пирогова, г. Москва; 83.4; 0.2; 1605; 86; Да
 Российский ун-т. дружбы народов, г. Москва; 86.3; 3.5; 1029; 202; Да
 Российский ун-т. дружбы народов, г. Москва; 86.3; 3.5; 1029; 202; Да
 Российский ун-т. транспорта (МИИТ); 64.0; 0.2; 1757; 0; Да
 Российский ун-т. транспорта (МИИТ); 64.0; 0.2; 1757; 0; Да
 Российский химико-технол. ун-т. им. Д.И. Менделеева, г.Москва; 79.3; -1; 1387; 42; Да
 Российский химико-технол. ун-т. им. Д.И. Менделеева, г.Москва; 79.3; -1; 1387; 42; Да
 Российский экономический ун-т. им. Г.В. Плеханова, г. Москва; 88.7; 0.5; 630; 66; Да
 Российский экономический ун-т. им. Г.В. Плеханова, г. Москва; 88.7; 0.5; 630; 66; Да
 Ростовский гос. медицинский ун-т.; 71.8; -3.5; 875; 1; Да
 Ростовский гос. медицинский ун-т.; 71.8; -3.5; 875; 1; Да
 Ростовский гос. ун-т. путей сообщения; 58.5; -3.1; 766; 0; Нет
 Ростовский гос. ун-т. путей сообщения; 58.5; -3.1; 766; 0; Нет
" Ростовский гос. экономический ун-т. ""РИНХ"""; 71.1; -2.7; 353; 0; Да
" Ростовский гос. экономический ун-т. ""РИНХ"""; 71.1; -2.7; 353; 0; Да
 Рыбинский гос. авиационный техн. ун-т. им. П.А. Соловьева; 60.5; -0.8; 391; 0; Да
 Рыбинский гос. авиационный техн. ун-т. им. П.А. Соловьева; 60.5; -0.8; 391; 0; Да
 Рязанский гос. агротехнол. ун-т. им. П.А. Костычева; 55.6; 0; 409; 0; Да
 Рязанский гос. агротехнол. ун-т. им. П.А. Костычева; 55.6; 0; 409; 0; Да
 Рязанский гос. медицинский ун-т. им. И.П. Павлова; 77.3; 0.3; 479; 1; Да
 Рязанский гос. медицинский ун-т. им. И.П. Павлова; 77.3; 0.3; 479; 1; Да
 Рязанский гос. радиотехн. ун-т.; 65.6; 1.3; 834; 1; Нет
 Рязанский гос. радиотехн. ун-т.; 65.6; 1.3; 834; 1; Нет
 Рязанский гос. ун-т. им. С.А. Есенина; 70.4; -2.6; 598; 0; Да
 Рязанский гос. ун-т. им. С.А. Есенина; 70.4; -2.6; 598; 0; Да
 Самарский гос. аграрный ун-т.; 54.2; -0.4; 332; 0; Нет
 Самарский гос. аграрный ун-т.; 54.2; -0.4; 332; 0; Нет
 Самарский гос. медицинский ун-т.; 75.4; -2.3; 763; 1; Да
 Самарский гос. медицинский ун-т.; 75.4; -2.3; 763; 1; Да
 Самарский гос. социально-педагогический ун-т.; 71.1; -0.6; 655; 1; Нет
 Самарский гос. социально-педагогический ун-т.; 71.1; -0.6; 655; 1; Нет
 Самарский гос. техн. ун-т.; 68.1; 1; 2012; 6; Нет
 Самарский гос. техн. ун-т.; 68.1; 1; 2012; 6; Нет
 Самарский гос. ун-т. путей сообщения; 54.5; -0.2; 685; 0; Нет
 Самарский гос. ун-т. путей сообщения; 54.5; -0.2; 685; 0; Нет
 Самарский национальный исследовательский ун-т. им. академика С.П. Королева; 75.0; -0.2; 2016; 16; Нет
 Самарский национальный исследовательский ун-т. им. академика С.П. Королева; 75.0; -0.2; 2016; 16; Нет
 Санкт-Петербургский горный ун-т.; 80.8; 2.3; 1831; 64; Нет
 Санкт-Петербургский горный ун-т.; 80.8; 2.3; 1831; 64; Нет
 Санкт-Петербургский гос. аграрный ун-т.; 63.2; -3.5; 386; 0; Нет
 Санкт-Петербургский гос. аграрный ун-т.; 63.2; -3.5; 386; 0; Нет
 Санкт-Петербургский гос. архитектурно-строительный ун-т.; 78.3; 0.4; 1181; 0; Нет
 Санкт-Петербургский гос. архитектурно-строительный ун-т.; 78.3; 0.4; 1181; 0; Нет
 Санкт-Петербургский гос. лесотехн. ун-т. им. С.М. Кирова; 75.0; 0; 543; 0; Нет
 Санкт-Петербургский гос. лесотехн. ун-т. им. С.М. Кирова; 75.0; 0; 543; 0; Нет
 Санкт-Петербургский гос. морской техн. ун-т.; 71.6; 1.7; 970; 3; Нет
 Санкт-Петербургский гос. морской техн. ун-т.; 71.6; 1.7; 970; 3; Нет
 Санкт-Петербургский гос. педиатрический медицинский ун-т.; 80.5; -0.4; 677; 2; Да
 Санкт-Петербургский гос. педиатрический медицинский ун-т.; 80.5; -0.4; 677; 2; Да
 Санкт-Петербургский гос. ун-т.; 92.0; 0.1; 2136; 366; Да
 Санкт-Петербургский гос. ун-т.; 92.0; 0.1; 2136; 366; Да
 Санкт-Петербургский гос. ун-т. аэрокосмического приборостроения; 81.3; 3.8; 1356; 11; Нет
 Санкт-Петербургский гос. ун-т. аэрокосмического приборостроения; 81.3; 3.8; 1356; 11; Нет
 Санкт-Петербургский гос. ун-т. ветеринарной медицины; 76.1; 2.2; 409; 0; Нет
 Санкт-Петербургский гос. ун-т. ветеринарной медицины; 76.1; 2.2; 409; 0; Нет
 Санкт-Петербургский гос. ун-т. гражданской авиации; 76.2; 0.8; 438; 0; Нет
 Санкт-Петербургский гос. ун-т. гражданской авиации; 76.2; 0.8; 438; 0; Нет
 Санкт-Петербургский гос. ун-т. промышленных технологий и дизайна; 79.5; -1.1; 906; 208; Да
 Санкт-Петербургский гос. ун-т. промышленных технологий и дизайна; 79.5; -1.1; 906; 208; Да
 Санкт-Петербургский гос. ун-т. телекоммуникаций им. М.А. Бонч-Бруевича; 74.8; 0.7; 921; 0; Нет
 Санкт-Петербургский гос. ун-т. телекоммуникаций им. М.А. Бонч-Бруевича; 74.8; 0.7; 921; 0; Нет
 Санкт-Петербургский гос. экономический ун-т.; 85.7; -0.3; 512; 12; Да
 Санкт-Петербургский гос. экономический ун-т.; 85.7; -0.3; 512; 12; Да
 Санкт-Петербургский гос. электротехн. ун-т. “ЛЭТИ”; 82.9; 0.3; 1517; 15; Да
 Санкт-Петербургский гос. электротехн. ун-т. “ЛЭТИ”; 82.9; 0.3; 1517; 15; Да
 Санкт-Петербургский политехн. ун-т. Петра Великого; 82.6; 0.2; 2958; 133; Да
 Санкт-Петербургский политехн. ун-т. Петра Великого; 82.6; 0.2; 2958; 133; Да
 Саратовская гос. юридическая академия; 79.8; -1; 536; 0; Да
 Саратовская гос. юридическая академия; 79.8; -1; 536; 0; Да
 Саратовский гос. аграрный ун-т. им. Н.И. Вавилова; 55.2; -2.9; 758; 0; Нет
 Саратовский гос. аграрный ун-т. им. Н.И. Вавилова; 55.2; -2.9; 758; 0; Нет
 Саратовский гос. медицинский ун-т.; 75.0; -1.7; 829; 0; Да
 Саратовский гос. медицинский ун-т.; 75.0; -1.7; 829; 0; Да
 Саратовский гос. техн. ун-т.; 66.5; 1.8; 1098; 0; Нет
 Саратовский гос. техн. ун-т.; 66.5; 1.8; 1098; 0; Нет
 Саратовский национальный исследовательский гос. ун-т. им. Н. Г. Чернышевского; 69.9; 1.2; 1568; 3; Да
 Саратовский национальный исследовательский гос. ун-т. им. Н. Г. Чернышевского; 69.9; 1.2; 1568; 3; Да
 Сахалинский гос. ун-т., г. Южно-Сахалинск; 58.8; -1.3; 327; 1; Нет
 Сахалинский гос. ун-т., г. Южно-Сахалинск; 58.8; -1.3; 327; 1; Нет
 Севастопольский гос. ун-т.; 65.8; -0.6; 1724; 0; Да
 Севастопольский гос. ун-т.; 65.8; -0.6; 1724; 0; Да
 Северный (Арктический) федеральный ун-т. им. М.В. Ломоносова; 66.0; -2.5; 1708; 1; Да
 Северный (Арктический) федеральный ун-т. им. М.В. Ломоносова; 66.0; -2.5; 1708; 1; Да
 Северный гос. медицинский ун-т., г. Архангельск; 69.8; -2.3; 474; 1; Да
 Северный гос. медицинский ун-т., г. Архангельск; 69.8; -2.3; 474; 1; Да
 Северо-Восточный федеральный ун-т. им. М.К. Аммосова; 63.3; -0.8; 2284; 31; Нет
 Северо-Восточный федеральный ун-т. им. М.К. Аммосова; 63.3; -0.8; 2284; 31; Нет
 Северо-Западный гос. медицинский ун-т. им. И.И.Мечникова, г. Санкт-Петербург; 78.0; -1.9; 595; 8; Да
 Северо-Западный гос. медицинский ун-т. им. И.И.Мечникова, г. Санкт-Петербург; 78.0; -1.9; 595; 8; Да
 Северо-Кавказская гос. академия, г. Черкесск; 56.5; -7.2; 369; 0; Да
 Северо-Кавказская гос. академия, г. Черкесск; 56.5; -7.2; 369; 0; Да
 Северо-Кавказский горно-металлургический ин-т. (гос. технол. ун-т.) , г. Владикавказ; 52.8; -6; 617; 0; Да
 Северо-Кавказский горно-металлургический ин-т. (гос. технол. ун-т.) , г. Владикавказ; 52.8; -6; 617; 0; Да
 Северо-Кавказский федеральный ун-т.; 72.1; 1.5; 1610; 3; Да
 Северо-Кавказский федеральный ун-т.; 72.1; 1.5; 1610; 3; Да
 Северо-Осетинская гос. медицинская академия, г. Владикавказ; 70.1; -0.7; 377; 0; Да
 Северо-Осетинская гос. медицинская академия, г. Владикавказ; 70.1; -0.7; 377; 0; Да
 Северо-Осетинский гос. ун-т. им. К.Л. Хетагурова, г. Владикавказ; 65.7; -0.4; 540; 0; Нет
 Северо-Осетинский гос. ун-т. им. К.Л. Хетагурова, г. Владикавказ; 65.7; -0.4; 540; 0; Нет
 Сибирский гос. автомобильно-дорожный ун-т., г. Омск; 62.5; -0.7; 546; 0; Нет
 Сибирский гос. автомобильно-дорожный ун-т., г. Омск; 62.5; -0.7; 546; 0; Нет
 Сибирский гос. индустриальный ун-т., г. Новокузнецк; 65.3; 2.3; 1095; 1; Нет
 Сибирский гос. индустриальный ун-т., г. Новокузнецк; 65.3; 2.3; 1095; 1; Нет
 Сибирский гос. медицинский ун-т., г. Томск ; 73.8; -0.2; 996; 17; Да
 Сибирский гос. медицинский ун-т., г. Томск ; 73.8; -0.2; 996; 17; Да
 Сибирский гос. ун-т. водного транспорта; 55.4; -3.2; 593; 0; Нет
 Сибирский гос. ун-т. водного транспорта; 55.4; -3.2; 593; 0; Нет
 Сибирский гос. ун-т. геосистем и технологий, г. Новосибирск; 67.8; -1; 489; 0; Нет
 Сибирский гос. ун-т. геосистем и технологий, г. Новосибирск; 67.8; -1; 489; 0; Нет
 Сибирский гос. ун-т. науки и технологий им. М.Ф. Решетнева, г. Красноярск; 62.6; -0.4; 1952; 2; Да
 Сибирский гос. ун-т. науки и технологий им. М.Ф. Решетнева, г. Красноярск; 62.6; -0.4; 1952; 2; Да
 Сибирский гос. ун-т. путей сообщения, г. Новосибирск; 62.6; -2.8; 562; 2; Да
 Сибирский гос. ун-т. путей сообщения, г. Новосибирск; 62.6; -2.8; 562; 2; Да
 Сибирский гос. ун-т. телекоммуникаций и информатики, г. Новосибирск; 65.5; -4; 948; 0; Да
 Сибирский гос. ун-т. телекоммуникаций и информатики, г. Новосибирск; 65.5; -4; 948; 0; Да
 Сибирский федеральный ун-т.; 70.1; -1; 3337; 8; Да
 Сибирский федеральный ун-т.; 70.1; -1; 3337; 8; Да
 Смоленский гос. медицинский ун-т.; 71.9; -0.6; 494; 0; Да
 Смоленский гос. медицинский ун-т.; 71.9; -0.6; 494; 0; Да
 Смоленский гос. ун-т.; 71.0; 1.8; 321; 0; Да
 Смоленский гос. ун-т.; 71.0; 1.8; 321; 0; Да
 Сочинский гос. ун-т.; 66.6; -1.6; 412; 0; Нет
 Сочинский гос. ун-т.; 66.6; -1.6; 412; 0; Нет
 Ставропольский гос. аграрный ун-т.; 62.2; 0.8; 565; 0; Да
 Ставропольский гос. аграрный ун-т.; 62.2; 0.8; 565; 0; Да
 Ставропольский гос. медицинский ун-т.; 71.4; -1.2; 490; 0; Да
 Ставропольский гос. медицинский ун-т.; 71.4; -1.2; 490; 0; Да
 Ставропольский гос. педагогический ин-т.; 67.2; 0.1; 440; 0; Нет
 Ставропольский гос. педагогический ин-т.; 67.2; 0.1; 440; 0; Нет
 Стерлитамакский филиал Башкирского государственного ун-т.а; 66.5; 1.8; 387; 0; Да
 Стерлитамакский филиал Башкирского государственного ун-т.а; 66.5; 1.8; 387; 0; Да
 Сургутский гос. педагогический ун-т.; 66.6; 0.3; 420; 0; Нет
 Сургутский гос. педагогический ун-т.; 66.6; 0.3; 420; 0; Нет
 Сургутский гос. ун-т. Ханты-Мансийского автономного округа — Югры; 69.2; 0.6; 908; 0; Нет
 Сургутский гос. ун-т. Ханты-Мансийского автономного округа — Югры; 69.2; 0.6; 908; 0; Нет
 Сыктывкарский гос. ун-т.; 67.6; 0.4; 750; 1; Нет
 Сыктывкарский гос. ун-т.; 67.6; 0.4; 750; 1; Нет
 Таганрогский ин-т. им. А.П. Чехова (филиал) Ростовского государственного экономического ун-т.а (РИНХ); 62.4; -1; 336; 0; Да
 Таганрогский ин-т. им. А.П. Чехова (филиал) Ростовского государственного экономического ун-т.а (РИНХ); 62.4; -1; 336; 0; Да
 Тамбовский гос. техн. ун-т.; 59.4; -6.5; 549; 0; Нет
 Тамбовский гос. техн. ун-т.; 59.4; -6.5; 549; 0; Нет
 Тамбовский гос. ун-т. им. Г.Р. Державина; 67.6; -0.9; 929; 0; Нет
 Тамбовский гос. ун-т. им. Г.Р. Державина; 67.6; -0.9; 929; 0; Нет
 Тверской гос. медицинский ун-т.; 76.3; -2; 361; 0; Да
 Тверской гос. медицинский ун-т.; 76.3; -2; 361; 0; Да
 Тверской гос. техн. ун-т.; 61.6; -0.4; 552; 0; Нет
 Тверской гос. техн. ун-т.; 61.6; -0.4; 552; 0; Нет
 Тверской гос. ун-т.; 68.6; -3.5; 856; 0; Да
 Тверской гос. ун-т.; 68.6; -3.5; 856; 0; Да
 Тихоокеанский гос. медицинский ун-т., г. Владивосток; 65.1; -1.6; 503; 0; Нет
 Тихоокеанский гос. медицинский ун-т., г. Владивосток; 65.1; -1.6; 503; 0; Нет
 Тихоокеанский гос. ун-т., г. Хабаровск; 65.8; -1.2; 1122; 0; Да
 Тихоокеанский гос. ун-т., г. Хабаровск; 65.8; -1.2; 1122; 0; Да
 Тольяттинский гос. ун-т.; 64.4; -0.8; 834; 0; Да
 Тольяттинский гос. ун-т.; 64.4; -0.8; 834; 0; Да
 Томский гос. архитектурно-строительный ун-т.; 70.6; 0.5; 670; 0; Нет
 Томский гос. архитектурно-строительный ун-т.; 70.6; 0.5; 670; 0; Нет
 Томский гос. педагогический ун-т.; 66.4; -1.6; 485; 1; Да
 Томский гос. педагогический ун-т.; 66.4; -1.6; 485; 1; Да
 Томский гос. ун-т. систем управления и радиоэлектроники; 68.7; -0.3; 1236; 3; Нет
 Томский гос. ун-т. систем управления и радиоэлектроники; 68.7; -0.3; 1236; 3; Нет
 Тувинский гос. ун-т., г. Кызыл; 62.9; 7; 663; 0; Да
 Тувинский гос. ун-т., г. Кызыл; 62.9; 7; 663; 0; Да
 Тульский гос. педагогический ун-т. им. Л.Н. Толстого; 66.9; -4; 734; 3; Нет
 Тульский гос. педагогический ун-т. им. Л.Н. Толстого; 66.9; -4; 734; 3; Нет
 Тульский гос. ун-т.; 65.7; -2.2; 1393; 0; Да
 Тульский гос. ун-т.; 65.7; -2.2; 1393; 0; Да
 Тюменский гос. медицинский ун-т. ; 74.3; -2.1; 563; 2; Нет
 Тюменский гос. медицинский ун-т. ; 74.3; -2.1; 563; 2; Нет
 Тюменский гос. ун-т.; 77.9; -0.8; 1408; 18; Да
 Тюменский гос. ун-т.; 77.9; -0.8; 1408; 18; Да
 Тюменский индустриальный ун-т.; 66.1; -1; 2206; 2; Да
 Тюменский индустриальный ун-т.; 66.1; -1; 2206; 2; Да
 Удмуртский гос. ун-т., г. Ижевск; 67.2; -1.6; 1264; 6; Да
 Удмуртский гос. ун-т., г. Ижевск; 67.2; -1.6; 1264; 6; Да
 Ульяновский гос. педагогический ун-т. им. И.Н. Ульянова; 66.2; -1.4; 764; 0; Да
 Ульяновский гос. педагогический ун-т. им. И.Н. Ульянова; 66.2; -1.4; 764; 0; Да
 Ульяновский гос. техн. ун-т.; 66.8; 0.8; 888; 1; Да
 Ульяновский гос. техн. ун-т.; 66.8; 0.8; 888; 1; Да
 Ульяновский гос. ун-т.; 66.3; -1; 853; 0; Нет
 Ульяновский гос. ун-т.; 66.3; -1; 853; 0; Нет
 Ульяновский ин-т. гражданской авиации им. Главного маршала авиации Б.П. Бугаева; 73.0; -1.3; 423; 0; Да
 Ульяновский ин-т. гражданской авиации им. Главного маршала авиации Б.П. Бугаева; 73.0; -1.3; 423; 0; Да
 Ун-т. ИТМО, г. Санкт-Петербург; 93.7; 0.6; 1336; 512; Да
 Ун-т. ИТМО, г. Санкт-Петербург; 93.7; 0.6; 1336; 512; Да
 Уральский гос. аграрный ун-т., г. Екатеринбург; 63.2; 2.4; 458; 0; Нет
 Уральский гос. аграрный ун-т., г. Екатеринбург; 63.2; 2.4; 458; 0; Нет
 Уральский гос. горный ун-т., г. Екатеринбург; 67.9; 0.4; 667; 0; Да
 Уральский гос. горный ун-т., г. Екатеринбург; 67.9; 0.4; 667; 0; Да
 Уральский гос. лесотехн. ун-т., г. Екатеринбург; 64.0; -0.6; 683; 0; Нет
 Уральский гос. лесотехн. ун-т., г. Екатеринбург; 64.0; -0.6; 683; 0; Нет
 Уральский гос. медицинский ун-т., г. Екатеринбург; 74.6; 2.1; 780; 1; Да
 Уральский гос. медицинский ун-т., г. Екатеринбург; 74.6; 2.1; 780; 1; Да
 Уральский гос. педагогический ун-т., г. Екатеринбург; 74.3; -0.5; 699; 2; Нет
 Уральский гос. педагогический ун-т., г. Екатеринбург; 74.3; -0.5; 699; 2; Нет
 Уральский гос. юридический ун-т., г. Екатеринбург; 83.5; -0.4; 441; 1; Нет
 Уральский гос. юридический ун-т., г. Екатеринбург; 83.5; -0.4; 441; 1; Нет
 Уральский федеральный ун-т. им. Б.Н. Ельцина; 76.2; -1.4; 4422; 122; Да
 Уральский федеральный ун-т. им. Б.Н. Ельцина; 76.2; -1.4; 4422; 122; Да
 Уфимский гос. авиационный техн. ун-т.; 69.2; -1.2; 1404; 7; Нет
 Уфимский гос. авиационный техн. ун-т.; 69.2; -1.2; 1404; 7; Нет
 Уфимский гос. нефтяной техн. ун-т.; 73.4; -2.8; 1766; 33; Да
 Уфимский гос. нефтяной техн. ун-т.; 73.4; -2.8; 1766; 33; Да
 Ухтинский гос. техн. ун-т.; 60.4; 2.6; 604; 0; Нет
 Ухтинский гос. техн. ун-т.; 60.4; 2.6; 604; 0; Нет
 Филиал Национального исследовательского ун-т.а «МЭИ» в г. Смоленске; 66.9; 3.7; 496; 0; Нет
 Филиал Национального исследовательского ун-т.а «МЭИ» в г. Смоленске; 66.9; 3.7; 496; 0; Нет
 Финансовый ун-т. при Правительстве РФ, г. Москва; 91.4; 2; 1480; 370; Да
 Финансовый ун-т. при Правительстве РФ, г. Москва; 91.4; 2; 1480; 370; Да
 Хакасский гос. ун-т. им. Н.Ф. Катанова, г. Абакан; 60.4; -1.7; 595; 0; Нет
 Хакасский гос. ун-т. им. Н.Ф. Катанова, г. Абакан; 60.4; -1.7; 595; 0; Нет
 Челябинский гос. ун-т.; 71.9; -0.3; 819; 12; Нет
 Челябинский гос. ун-т.; 71.9; -0.3; 819; 12; Нет
 Череповецкий гос. ун-т.; 65.7; 0.4; 967; 0; Нет
 Череповецкий гос. ун-т.; 65.7; 0.4; 967; 0; Нет
 Чеченский гос. педагогический ун-т., г. Грозный; 61.1; 2.8; 776; 0; Нет
 Чеченский гос. педагогический ун-т., г. Грозный; 61.1; 2.8; 776; 0; Нет
 Чеченский гос. ун-т. им. А.А. Кадырова; 57.1; -2; 2009; 0; Да
 Чеченский гос. ун-т. им. А.А. Кадырова; 57.1; -2; 2009; 0; Да
 Читинская гос. медицинская академия; 59.8; -2; 420; 0; Да
 Читинская гос. медицинская академия; 59.8; -2; 420; 0; Да
 Чувашская гос. сельскохозяйственная академия, г. Чебоксары; 47.8; -7.4; 330; 0; Да
 Чувашская гос. сельскохозяйственная академия, г. Чебоксары; 47.8; -7.4; 330; 0; Да
 Чувашский гос. педагогический ун-т. им. И.Я. Яковлева, г. Чебоксары; 67.0; 0; 545; 0; Нет
 Чувашский гос. педагогический ун-т. им. И.Я. Яковлева, г. Чебоксары; 67.0; 0; 545; 0; Нет
 Чувашский гос. ун-т. им. И.Н. Ульянова, г. Чебоксары; 70.3; 0.9; 1296; 1; Да
 Чувашский гос. ун-т. им. И.Н. Ульянова, г. Чебоксары; 70.3; 0.9; 1296; 1; Да
 Шадринский гос. педагогический ин-т.; 68.1; 0; 330; 0; Нет
 Шадринский гос. педагогический ин-т.; 68.1; 0; 330; 0; Нет
 Юго-Западный гос. ун-т., г. Курск; 67.8; -1; 637; 0; Да
 Юго-Западный гос. ун-т., г. Курск; 67.8; -1; 637; 0; Да
 Югорский гос. ун-т., г. Ханты-Мансийск ; 64.6; -3.3; 715; 2; Да
 Югорский гос. ун-т., г. Ханты-Мансийск ; 64.6; -3.3; 715; 2; Да
 Южно-Российский гос. политехн. ун-т. им. М.И. Платова, г. Новочеркасск; 59.5; 2.2; 942; 1; Да
 Южно-Российский гос. политехн. ун-т. им. М.И. Платова, г. Новочеркасск; 59.5; 2.2; 942; 1; Да
 Южно-Уральский гос. аграрный ун-т., г. Троицк; 52.5; -0.2; 445; 0; Да
 Южно-Уральский гос. аграрный ун-т., г. Троицк; 52.5; -0.2; 445; 0; Да
 Южно-Уральский гос. гуманитарно-педагогический ун-т. (ЧГПУ), г. Челябинск; 70.0; -0.5; 476; 2; Да
 Южно-Уральский гос. гуманитарно-педагогический ун-т. (ЧГПУ), г. Челябинск; 70.0; -0.5; 476; 2; Да
 Южно-Уральский гос. медицинский ун-т., г. Челябинск; 72.7; -3; 550; 1; Да
 Южно-Уральский гос. медицинский ун-т., г. Челябинск; 72.7; -3; 550; 1; Да
 Южный федеральный ун-т.; 76.7; 0.2; 3088; 34; Да
 Южный федеральный ун-т.; 76.7; 0.2; 3088; 34; Да
 Ярославский гос. медицинский ун-т. ; 74.4; -0.5; 443; 3; Да
 Ярославский гос. медицинский ун-т. ; 74.4; -0.5; 443; 3; Да
 Ярославский гос. педагогический ун-т. им. К.Д. Ушинского; 72.8; -2.1; 602; 0; Нет
 Ярославский гос. педагогический ун-т. им. К.Д. Ушинского; 72.8; -2.1; 602; 0; Нет
 Ярославский гос. техн. ун-т.; 69.3; -1.4; 686; 0; Нет
 Ярославский гос. техн. ун-т.; 69.3; -1.4; 686; 0; Нет
 Ярославский гос. ун-т. им. П.Г. Демидова; 74.1; -3.5; 883; 2; Да
 Ярославский гос. ун-т. им. П.Г. Демидова; 74.1; -3.5; 883; 2; Да
