university;average exam score;rise/fall;number of enrolled students;no exams;average score minus individual achievements;link;link2
Ростовский+гос.+медицинский+ун-т.; 71.8; -3.5;875;1; Да;http://pk.rostgmu.ru/;
Ростовский+гос.+ун-т.+путей+сообщения; 58.5; -3.1;766;0; Нет;http://rgups.ru/abitur/;
"Ростовский+гос.+экономический+ун-т.+""РИНХ"""; 71.1; -2.7;353;0; Да;https://rsue.ru/abitur/;
Российская+академия+народного+хозяйства+и+государственной+службы+при+Президенте+РФ,+г.+Москва; 93.6; 1.6;706;265; Да;https://www.ranepa.ru/;
Российский+национальный+исследовательский+медицинский+ун-т.+им.+Н.И.+Пирогова,+г.+Москва; 83.4; 0.2;1605;86; Да;https://rsmu.ru/abitur/;
Российский+гос.+аграрный+ун-т.+—+МСХА+им.+К.А.+Тимирязева,+г.+Москва; 67.4; 0.7;1887;3; Да;https://www.timacad.ru/incoming;
Российский+гос.+педагогический+ун-т.+им.+А.И.+Герцена,+г.+Санкт-Петербург; 79.7;1;1351;31; Да;https://www.herzen.spb.ru/abiturients/;
Российский+гос.+геологоразведочный+ун-т.+им.+Серго+Орджоникидзе,+г.+Москва; 67.1; -0.8;382;0; Да;https://mgri.ru/commission/;
Российский+гос.+гидрометеорологический+ун-т.,+г.+Санкт-Петербург; 69.5; -0.3;466;0; Нет;http://dovus.rshu.ru/content/priemkom/abit;
Российский+гос.+гуманитарный+ун-т.,+г.+Москва; 84.8; -1.3;565;5; Да;https://www.rsuh.ru/abitur/;
Российский+гос.+профессионально-педагогический+ун-т.,+г.+Екатеринбург; 73.2; -3.6;504;0; Нет;https://www.rsvpu.ru/abiturientu/;
Российский+гос.+ун-т.+им.+А.Н.+Косыгина+(Технологии.+Дизайн.+Искусство),+г.+Москва; 77.1;1;1125;20; Да;https://kosygin-rgu.ru/abiturient/index.aspx;
Российский+гос.+ун-т.+нефти+и+газа+им.+И.М.+Губкина,+г.+Москва; 83.0; 1.1;1240;39; Да;https://www.gubkin.ru/;
Российский+гос.+социальный+ун-т.,+г+.+Москва; 76.6; 1.2;359;0; Да;https://rgsu.net/abitur/;
Российский+химико-технол.+ун-т.+им.+Д.И.+Менделеева,+г.Москва; 79.3;-1;1387;42; Да;https://www.muctr.ru/abitur/;
Российский+ун-т.+дружбы+народов,+г.+Москва; 86.3; 3.5;1029;202; Да;https://admission.rudn.ru/;
Российский+ун-т.+транспорта+(МИИТ); 64.0; 0.2;1757;0; Да;https://www.miit.ru/admissions/office;
Российский+экономический+ун-т.+им.+Г.В.+Плеханова,+г.+Москва; 88.7; 0.5;630;66; Да;https://www.rea.ru/ru/org/managements/Pages/priem.aspx;
Рыбинский+гос.+авиационный+техн.+ун-т.+им.+П.А.+Соловьева; 60.5; -0.8;391;0; Да;https://www.rsatu.ru/applicants/the_admissions_committee/39/;
Рязанский+гос.+агротехнол.+ун-т.+им.+П.А.+Костычева; 55.6;0;409;0; Да;http://rgatu.ru/;
Рязанский+гос.+медицинский+ун-т.+им.+И.П.+Павлова; 77.3; 0.3;479;1; Да;https://rzgmu.ru/admission/college_entrants/selection_committee/;
Рязанский+гос.+ун-т.+им.+С.А.+Есенина; 70.4; -2.6;598;0; Да;https://www.rsu.edu.ru/admission/;
Рязанский+гос.+радиотехн.+ун-т.; 65.6; 1.3;834;1; Нет;http://www.rsreu.ru/abitur/info;
Благовещенский+гос.+педагогический+ун-т.; 62.7; -0.9;427;0; Нет;https://bgpu.ru/abitur/;
"Балтийский+гос.+техн.+ун-т.+""Военмех""+им.+Д.Ф.+Устинова,+г.+Санкт-Петербург"; 74.1; -0.6;946;0; Нет;https://priem.voenmeh.ru/;
Балтийский+федеральный+ун-т.+им.+И.+Канта; 77.9; 0.3;1312;11; Нет;https://kantiana.ru/abiturientu/;
Байкальский+гос.+ун-т.,+г.+Иркутск; 71.4; -3.1;342;0; Да;http://bgu.ru/;
Башкирский+гос.+аграрный+ун-т.,+г.+Уфа; 61.4; 0.5;647;0; Нет;https://bsau.ru/Abitur/;
Башкирский+гос.+педагогический+ун-т.+им.+М.+Акмуллы,+г.+Уфа; 71.8; 1.7;734;1; Нет;https://abitur.bspu.ru/;
Башкирский+гос.+медицинский+ун-т.,+г.+Уфа; 73.5; -3.1;870;0; Да;http://priem.bashgmu.ru/;
Башкирский+гос.+ун-т.,+г.+Уфа; 67.6; -2.1;1011;4; Да;https://pk.bashedu.ru/priemnaya-komissiya;
Белгородский+гос.+аграрный+ун-т.+им.+В.Я.+Горина; 60.0; 1.3;407;0; Нет;https://bsaa.edu.ru/abiturient/PK.php;
Белгородский+гос.+национальный+исследовательский+ун-т.; 66.8; -2.5;1460;2; Да;http://abitur.bsu.edu.ru/;
Белгородский+гос.+технол.+ун-т.+им.+В.Г.+Шухова; 67.7; -1.5;1342;3; Нет;https://www.bstu.ru/abitur/priemInf/kontakty;
Бирский+филиал+Башкирского+государственного+ун-т.а; 63.4; 0.3;365;0; Да;https://birsk.ru/node/136;
Бурятская+гос.+сельскохозяйственная+академия+им.+В.Р.+Филиппова,+г.+Улан-Удэ; 58.0; 0.6;399;0; Нет;http://moodle.bgsha.ru/abitur/;
Бурятский+гос.+ун-т.,+г.+Улан-Удэ; 63.0; -0.9;792;0; Да;https://www.bsu.ru/abit/;
Братский+гос.+ун-т.; 53.2; -5.2;355;0; Да;https://brstu.ru/abitur;
Брянский+гос.+аграрный+ун-т.; 48.8;0;391;0; Нет;https://www.bgsha.com/abitur/;
Брянский+гос.+техн.+ун-т.; 63.1; -0.8;771;0; Да;https://www.tu-bryansk.ru/abiturient/;
Брянский+гос.+ун-т.+им.+И.Г.+Петровского; 71.2; 0.8;349;0; Нет;https://brgu.ru/Abitur/;
Владивостокский+гос.+ун-т.+экономики+и+сервиса; 65.6; -6.8;357;0; Нет;https://vvsu.ru/enter/;
Владимирский+гос.+ун-т.; 64.0; -1.9;1420;0; Да;https://prkom.vlsu.ru/;
Волжский+гос.+ун-т.+водного+транспорта,+г.+Нижний+Новгород; 53.4; -0.3;480;0; Нет;https://vsuwt.ru/obrazovanie/postup/;
Вологодская+гос.+молочнохозяйственная+академия+им.+Н.В.+Верещагина; 48.3; -5.4;461;0; Нет;https://molochnoe.ru/sveden/struct/uur/priem-comm;
Вологодский+гос.+ун-т.; 66.6;0;834;0; Да;http://priem.vogu35.ru/;
Волгоградский+гос.+аграрный+ун-т.; 55.5; -3.5;709;0; Нет;https://volgau.com/%D0%B0%D0%B1%D0%B8%D1%82%D1%83%D1%80%D0%B8%D0%B5%D0%BD%D1%82%D1%83;
Волгоградский+гос.+медицинский+ун-т.; 73.8; -1.8;675;0; Да;https://www.volgmed.ru/ru/depts/list/22/;
Волгоградский+гос.+техн.+ун-т.; 64.2; 0.3;1198;0; Да;https://welcome.vstu.ru/#:~:text=%D0%A0%D0%B5%D0%B6%D0%B8%D0%BC%20%D1%80%D0%B0%D0%B1%D0%BE%D1%82%D1%8B%20%D0%BF%D1%80%D0%B8%D0%B5%D0%BC%D0%BD%D0%BE%D0%B9%20%D0%BA%D0%BE%D0%BC%D0%B8%D1%81%D1%81%D0%B8%D0%B8&text=%D0%A2%D0%B5%D0%BB.%3A%20(8442)%2023,%3A%20prk%40vstu.ru.;
Волгоградский+гос.+ун-т.; 69.0; -0.9;969;1; Да;https://volsu.ru/Abitur/;
Волгоградский+гос.+социально-педагогический+ун-т.; 67.8; -1.3;889;0; Да;https://vspu.ru/abitur;
Восточно-Сибирский+гос.+ун-т.+технологий+и+управления,+г.+Улан-Удэ; 52.2; -3.8;588;0; Да;https://esstu.ru/uportal/priem/index.htm;
Воронежский+гос.+лесотехн.+ун-т.+им.+Г.Ф.+Морозова; 64.8; 2.4;352;0; Нет;https://vgltu.ru/;
Воронежский+гос.+аграрный+ун-т.+им.+императора+Петра+I+(бывшая+им.+К.Д.+Глинки); 58.0; 0.1;768;0; Нет;http://www.vsau.ru/;
Воронежский+гос.+педагогический+ун-т.; 71.3; -1.2;573;0; Нет;http://www.vspu.ac.ru/Abitur#:~:text=%D0%9F%D1%80%D0%B8%D0%B5%D0%BC%D0%BD%D0%B0%D1%8F%20%D0%BA%D0%BE%D0%BC%D0%B8%D1%81%D1%81%D0%B8%D1%8F%20%D0%92%D0%93%D0%9F%D0%A3%20%D1%80%D0%B0%D1%81%D0%BF%D0%BE%D0%BB%D0%B0%D0%B3%D0%B0%D0%B5%D1%82%D1%81%D1%8F%20%D0%BF%D0%BE,115.;
Воронежский+гос.+медицинский+ун-т.+им.+Н.Н.+Бурденко; 75.2; -2.5;500;0; Да;http://vrngmu.ru/entrance/priemnaya-komissiya/priemnaya-komissiya-po-spetsialnostyam-vysshego-professionalnogo-obrazovaniya/;
Воронежский+гос.+техн.+ун-т.; 66.2;2;1942;6; Нет;https://cchgeu.ru/abiturientu/;
Воронежский+гос.+ун-т.; 74.2; -0.2;1734;4; Нет;http://www.abitur.vsu.ru/vsu/PK;
Воронежский+гос.+ун-т.+инженерных+технологий; 65.9; 1.8;624;0; Да;https://vsuet.ru/abitur;
Вятская+гос.+сельскохозяйственная+академия,+г.+Киров; 60.1;2;353;0; Да;https://vgsha.info/priemnaja-komissija/;
Вятский+гос.+ун-т.,+г.+Киров; 68.2; 0.1;1827;2; Да;https://new.vyatsu.ru/admission/;
Глазовский+гос.+педагогический+ин-т.+им.+В.Г.+Короленко; 66.5; -2.8;440;0; Да;http://www.ggpi.org/;
Гос.+аграрный+ун-т.+Северного+Зауралья,+г.+Тюмень; 56.8; -3.1;502;0; Нет;http://www.tsaa.ru/priemnaya-komissiya/;
Гос.+гуманитарно-технол.+ун-т.,+г.+Орехово-Зуево; 66.0; -1.9;370;0; Нет;https://www.ggtu.ru/;
"Гос.+ун-т.+""Дубна"""; 72.6; -1.3;543;2; Нет;https://uni-dubna.ru/abitur;
Гос.+ун-т.+по+землеустройству,+г.+Москва; 65.2; -1.3;425;0; Нет;https://www.guz.ru/;
Гос.+ун-т.+морского+и+речного+флота+им.+адмирала+С.О.+Макарова,+г.+Санкт-Петербург; 67.8; -2.5;1002;0; Нет;https://gumrf.ru/Abitur;
Гос.+ун-т.+управления,+г.+Москва; 85.4; 1.7;461;4; Нет;http://priem.guu.ru/;
Гос.+социально-гуманитарный+ун-т.,+г.+Коломна; 69.7; 0.1;365;0; Нет;https://gukolomna.ru/abitur/priemnaya-komissiya/;
Горно-Алтайский+гос.+ун-т.; 60.2;1;337;0; Нет;https://www.gasu.ru/university/structure/adm/priemnaya-komissiya/;
Горский+гос.+аграрный+ун-т.,+г.+Владикавказ; 58.2; -1.9;302;0; Нет;https://gorskigau.ru/abitur;
Грозненский+гос.+нефтяной+техн.+ун-т.+им.+академика+М.Д.+Миллионщикова; 63.6; -0.3;658;0; Да;https://gstou.ru/;
Дальневосточный+гос.+аграрный+ун-т.,+г.+Благовещенск; 49.2;-1;411;0; Нет;https://www.dalgau.ru/;
Дальневосточный+гос.+медицинский+ун-т.,+г.+Хабаровск; 66.3; -2.9;454;0; Нет;http://www.fesmu.ru/;
Дальневосточный+гос.+техн.+рыбохозяйственный+ун-т.,+г.+Владивосток; 50.9; -2.7;399;0; Нет;https://dalrybvtuz.ru/Abitur/;
Дальневосточный+гос.+ун-т.+путей+сообщения,+г.+Хабаровск; 57.1; -1.7;1091;0; Да;https://abiturient.dvgups.ru/;
Дальневосточный+федеральный+ун-т.; 73.0; -0.3;2649;25; Нет;https://www.dvfu.ru/admission/;
Дагестанский+гос.+аграрный+ун-т.,+г.+Махачкала; 67.0; -6.4;324;0; Нет;https://xn--80aaiac8g.xn--p1ai/abitur;
Дагестанский+гос.+педагогический+ун-т.,+г.+Махачкала; 56.6; -0.4;824;0; Да;http://dgpu.net/ru/;
Дагестанский+гос.+медицинский+ун-т.,+г.+Махачкала; 72.8;1;644;0; Да;https://dgmu.ru/abitur/priemnaya-komissiya/;
Дагестанский+гос.+техн.+ун-т.,+г.+Махачкала; 59.8;-2;622;1; Да;http://dstu.ru/;
Дагестанский+гос.+ун-т.,+г.+Махачкала; 63.0; -0.4;1025;19; Нет;http://dgu.ru/Abitur/;
Дагестанский+гос.+ун-т.+народного+хозяйства,+г.+Махачкала; 70.2; -7.1;595;0; Да;http://www.dgunh.ru/;
Донской+гос.+аграрный+ун-т.,+пос.+Персиановский; 53.0; -10.9;359;0; Нет;https://www.dongau.ru/abitur/;
Донской+гос.+техн.+ун-т.,+г.+Ростов-на-Дону; 62.2; 0.8;2865;0; Да;https://donstu.ru/priemnaya-kampaniya/;
Ленинградский+гос.+ун-т.+им.+А.С.+Пушкина,+г.+Санкт-Петербург; 78.4; 0.1;523;1; Да;https://lengu.ru/abitur;
Липецкий+гос.+педагогический+ун-т.; 64.9; -0.7;579;1; Да;https://lspu-lipetsk.ru/modules.php?name=abitur;
Липецкий+гос.+техн.+ун-т.; 63.4; -1.7;571;0; Нет;https://www.stu.lipetsk.ru/struct/management/rector/pk/;
Филиал+Национального+исследовательского+ун-т.а+«МЭИ»+в+г.+Смоленске; 66.9; 3.7;496;0; Нет;https://mpei.ru/Structure/uchchast/uchchastpervpom/Smolensk;
Финансовый+ун-т.+при+Правительстве+РФ,+г.+Москва; 91.4;2;1480;370; Да;https://mskvuz.com/fa;
Челябинский+гос.+ун-т.; 71.9; -0.3;819;12; Нет;https://www.csu.ru/prospective-students;
Чеченский+гос.+педагогический+ун-т.,+г.+Грозный; 61.1; 2.8;776;0; Нет;https://chspu.ru/;
Чеченский+гос.+ун-т.+им.+А.А.+Кадырова; 57.1;-2;2009;0; Да;https://www.chesu.ru/;
Череповецкий+гос.+ун-т.; 65.7; 0.4;967;0; Нет;https://pk.chsu.ru/;
Читинская+гос.+медицинская+академия; 59.8;-2;420;0; Да;https://chitgma.ru/abiturien/komiss-pr;
Чувашская+гос.+сельскохозяйственная+академия,+г.+Чебоксары; 47.8; -7.4;330;0; Да;http://academy21.ru/novosti/3220-priemnaya-komissiya-chgsha-dlya-abiturientov.html;
Чувашский+гос.+педагогический+ун-т.+им.+И.Я.+Яковлева,+г.+Чебоксары; 67.0;0;545;0; Нет;https://cheb.ru/vuz/chgpu.html;
Чувашский+гос.+ун-т.+им.+И.Н.+Ульянова,+г.+Чебоксары; 70.3; 0.9;1296;1; Да;https://abiturient.chuvsu.ru/;
Южно-Российский+гос.+политехн.+ун-т.+им.+М.И.+Платова,+г.+Новочеркасск; 59.5; 2.2;942;1; Да;https://abiturient.npi-tu.ru/;
Южно-Уральский+гос.+аграрный+ун-т.,+г.+Троицк; 52.5; -0.2;445;0; Да;https://xn--80af2bld5d.xn--p1ai/;
Южно-Уральский+гос.+гуманитарно-педагогический+ун-т.+(ЧГПУ),+г.+Челябинск; 70.0; -0.5;476;2; Да;https://www.cspu.ru/;
Южно-Уральский+гос.+медицинский+ун-т.,+г.+Челябинск; 72.7;-3;550;1; Да;http://www.chelsma.ru/abitur/;
Южный+федеральный+ун-т.; 76.7; 0.2;3088;34; Да;https://sfedu.ru/www/stat_pages22.show?p=ABT/main/M#:~:text=%D0%A6%D0%B5%D0%BD%D1%82%D1%80%D0%B0%D0%BB%D1%8C%D0%BD%D0%B0%D1%8F%20%D0%BF%D1%80%D0%B8%D0%B5%D0%BC%D0%BD%D0%B0%D1%8F%20%D0%BA%D0%BE%D0%BC%D0%B8%D1%81%D1%81%D0%B8%D1%8F%20%D0%AE%D0%A4%D0%A3%3A&text=%D1%82%D0%B5%D0%BB.%3A%20%2B7%20(863,.abitur.sfedu.ru.;
Юго-Западный+гос.+ун-т.,+г.+Курск; 67.8;-1;637;0; Да;https://swsu.ru/;
Югорский+гос.+ун-т.,+г.+Ханты-Мансийск; 64.6; -3.3;715;2; Да;https://www.ugrasu.ru/enrollee/;
Елецкий+гос.+ун-т.+им.+И.А.+Бунина; 56.1; -2.7;463;0; Да;https://elsu.ru/pk/456-priemnaya-komissiya.html;
Ижевская+гос.+медицинская+академия; 73.4;-1;485;0; Да;https://www.igma.ru/component/content/category/77-priemkom;
Ижевская+гос.+сельскохозяйственная+академия; 52.9; -0.7;562;0; Нет;https://izhgsha.ru/abiturientam.html;
Ижевский+гос.+техн.+ун-т.+им.+М.Т.+Калашникова; 65.8; -1.3;981;4; Да;https://istu.ru/abitur;
Ингушский+гос.+ун-т.,+г.+Магас; 62.3; -3.1;709;0; Да;http://inggu.ru/abitur/;
Ин-т.+сферы+обслуживания+и+предпринимательства+(филиал)+Донского+государственного+технического+ун-т.а+в+г.+Шахты; 54.4; 2.7;331;0; Да;https://www.sssu.ru/;
Ивановская+гос.+медицинская+академия; 71.7; -3.3;358;1; Да;https://isma.ivanovo.ru/archives?division_id=88&fixed=false;
Ивановский+гос.+политехн.+ун-т.; 64.5; -0.7;379;0; Нет;https://ivgpu.com/abitur;
Ивановский+гос.+химико-технол.+ун-т.; 62.2; -1.1;587;0; Нет;https://www.isuct.ru/Abitur;
Ивановский+гос.+ун-т.; 67.5; -0.3;383;0; Да;http://ivanovo.ac.ru/abitur/;
Ивановский+гос.+энергетический+ун-т.; 67.1; -0.3;682;0; Да;http://abiturient.ispu.ru/;
Иркутский+национальный+исследовательский+техн.+ун-т.; 64.3;1;1559;2; Нет;https://www.istu.edu/abiturientu/priyemnaya_komissiya;
Иркутский+гос.+аграрный+ун-т.+им.+А.А.+Ежевского; 54.2; 0.5;471;0; Нет;https://irsau.ru/;
Иркутский+гос.+медицинский+ун-т.; 66.6; -5.1;469;0; Да;https://mir.ismu.baikal.ru/ismu/page_dept.php?id=1633;
Иркутский+гос.+ун-т.; 67.2; 0.4;1752;2; Нет;https://isu.ru/Abitur;
Иркутский+гос.+ун-т.+путей+сообщения; 52.7; 0.9;665;1; Нет;https://www.irgups.ru/abitur;
Хакасский+гос.+ун-т.+им.+Н.Ф.+Катанова,+г.+Абакан; 60.4; -1.7;595;0; Нет;http://khsu.ru/abitur/;
Алтайский+гос.+аграрный+ун-т.,+г.+Барнаул; 56.3; -2.4;523;0; Нет;http://www.asau.ru/ru/abitur;
Алтайский+гос.+педагогический+ун-т.,+г.+Барнаул; 66.7; -1.1;712;1; Да;https://www.altspu.ru/;
Алтайский+гос.+медицинский+ун-т.,+г.+Барнаул; 69.8; -3.9;619;0; Да;https://asmu.ru/struktura-agmu/priemnaya-komissiya/;
Алтайский+гос.+техн.+ун-т.+им.+И.И.+Ползунова,+г.+Барнаул; 66.5; 2.8;1061;3; Нет;https://www.altstu.ru/structure/unit/pk/;
Алтайский+гос.+ун-т.,+г.+Барнаул; 74.4; 1.7;1420;23; Да;https://www.asu.ru/structure/upravlenie_uni/amit_comm/;
Адыгейский+гос.+ун-т.,+г.+Майкоп; 63.0;0;620;0; Нет;https://www.adygnet.ru/;
Амурская+гос.+медицинская+академия,+г.+Благовещенск; 62.4; -2.1;332;0; Да;https://www.amursma.ru/abitur/;
Амурский+гос.+ун-т.,+г.+Благовещенск; 61.3; -2.2;602;0; Нет;https://www.amursu.ru/postuplenie/kontakty-priemnoy-komissii/;
Астраханский+гос.+медицинский+ун-т.; 70.8; -0.8;372;0; Да;http://astgmu.ru/abitur/;
Астраханский+гос.+техн.+ун-т.; 56.8;-2;561;0; Нет;https://astu.org/abitur;
Астраханский+гос.+ун-т.; 63.9; -2.2;695;1; Да;https://asu.edu.ru/Abitur/;
Арзамасский+филиал+Национального+исследовательского+Нижегородского+государственного+ун-т.а+им.+Н.И.+Лобачевского; 62.9; 0.1;305;0; Да;https://arz.unn.ru/postupleny;
Арктический+гос.+агротехнол.+ун-т.; 48.7; -11.8;368;0; Нет;https://agatu.ru/;
Армавирский+гос.+педагогический+ун-т.; 64.5; -1.2;500;0; Нет;http://priem.agpu.net/;
Шадринский+гос.+педагогический+ин-т.; 68.1;0;330;0; Нет;http://shgpi.edu.ru/spec/ssylki/informacija-priemnoi-komissii/;
Ярославский+гос.+педагогический+ун-т.+им.+К.Д.+Ушинского; 72.8; -2.1;602;0; Нет;https://priem.yspu.org/;
Ярославский+гос.+медицинский+ун-т.; 74.4; -0.5;443;3; Да;https://ysmu.ru/abitur/special/;
Ярославский+гос.+техн.+ун-т.; 69.3; -1.4;686;0; Нет;https://www.ystu.ru/admissions/;
Ярославский+гос.+ун-т.+им.+П.Г.+Демидова; 74.1; -3.5;883;2; Да;https://www.uniyar.ac.ru/Abitur/;
Ульяновский+ин-т.+гражданской+авиации+им.+Главного+маршала+авиации+Б.П.+Бугаева; 73.0; -1.3;423;0; Да;http://www.uvauga.ru/priem;
Ульяновский+гос.+педагогический+ун-т.+им.+И.Н.+Ульянова; 66.2; -1.4;764;0; Да;https://abiturient.ulsu.ru/;
Ульяновский+гос.+техн.+ун-т.; 66.8; 0.8;888;1; Да;https://abiturient.ulsu.ru/;
Ульяновский+гос.+ун-т.; 66.3;-1;853;0; Нет;https://abiturient.ulsu.ru/;
Удмуртский+гос.+ун-т.,+г.+Ижевск; 67.2; -1.6;1264;6; Да;https://udsu.ru/admissions/committee#:~:text=%D0%A0%D0%B5%D0%B6%D0%B8%D0%BC%20%D1%80%D0%B0%D0%B1%D0%BE%D1%82%D1%8B%20%D0%BF%D1%80%D0%B8%D0%B5%D0%BC%D0%BD%D0%BE%D0%B9%20%D0%BA%D0%BE%D0%BC%D0%B8%D1%81%D1%81%D0%B8%D0%B8%3A,)%2091%2D62%2D62.;
Ун-т.+ИТМО,+г.+Санкт-Петербург; 93.7; 0.6;1336;512; Да;https://abit.itmo.ru/page/81/;
Уфимский+гос.+авиационный+техн.+ун-т.; 69.2; -1.2;1404;7; Нет;https://ugatu.su/abitur/;
Уфимский+гос.+нефтяной+техн.+ун-т.; 73.4; -2.8;1766;33; Да;http://www.pk.rusoil.net/;
Ухтинский+гос.+техн.+ун-т.; 60.4; 2.6;604;0; Нет;https://www.ugtu.net/abitur;
Уральский+гос.+лесотехн.+ун-т.,+г.+Екатеринбург; 64.0; -0.6;683;0; Нет;http://usfeu.ru/;
Уральский+гос.+аграрный+ун-т.,+г.+Екатеринбург; 63.2; 2.4;458;0; Нет;http://urgau.ru/abiturientam2;
Уральский+гос.+педагогический+ун-т.,+г.+Екатеринбург; 74.3; -0.5;699;2; Нет;https://uspu.ru/abitur/;
Уральский+гос.+горный+ун-т.,+г.+Екатеринбург; 67.9; 0.4;667;0; Да;http://abit.ursmu.ru/;
Уральский+гос.+медицинский+ун-т.,+г.+Екатеринбург; 74.6; 2.1;780;1; Да;https://usma.ru/abitur/priemnaya-kampaniya-2021-2022-uch-gg/;
Уральский+гос.+юридический+ун-т.,+г.+Екатеринбург; 83.5; -0.4;441;1; Нет;https://xn--c1azic8c.xn--p1ai/;
Уральский+федеральный+ун-т.+им.+Б.Н.+Ельцина; 76.2; -1.4;4422;122; Да;https://urfu.ru/ru/applicant/;
Набережночелнинский+ин-т.+(филиал)+Казанского+(Приволжского)+федерального+ун-т.а; 66.1; 2.8;734;0; Да;https://kpfu.ru/chelny/abitur;
Национальный+исследовательский+Южно-Уральский+гос.+ун-т.,+г.+Челябинск; 67.6; -2.8;2154;17; Да;https://abit.susu.ru/;
Национальный+исследовательский+Нижегородский+гос.+ун-т.+им.+Н.И.+Лобачевского; 78.7; 1.5;1749;32; Да;http://www.unn.ru/site/education/informatsiya-priemnoj-komissii;
Национальный+исследовательский+Моск.+гос.+строительный+ун-т.; 74.3; -0.3;1755;5; Да;https://mgsu.ru/postupayushchim/;
Национальный+исследовательский+Мордовский+гос.+ун-т.+им.+Н.П.+Огарева,+г.+Саранск; 67.4; -0.2;1572;4; Нет;https://abiturs.mrsu.ru/;
Национальный+исследовательский+Томский+политехн.+ун-т.; 74.8; -3.2;1809;54; Нет;https://abiturient.tpu.ru/;
Национальный+исследовательский+Томский+гос.+ун-т.; 80.1; 0.7;2109;127; Да;http://abiturient.tsu.ru/;
"Национальный+исследовательский+технол.+ун-т.+""МИСиС"",+г.+Москва"; 88.8; 0.4;698;150; Да;https://misis.ru/;
"Национальный+исследовательский+ун-т.+""Высшая+школа+экономики"",+г.+Москва"; 96.3; 1.1;2411;1062; Да;https://ba.hse.ru/;
"Национальный+исследовательский+ун-т.+""Высшая+школа+экономики"",+филиал,+г.+Нижний+Новгород"; 87.5; -0.5;429;33; Да;https://nnov.hse.ru/bacnn/;
"Национальный+исследовательский+ун-т.+""Высшая+школа+экономики"",+филиал,+г.+Санкт-Петербург"; 93.7; 0.9;561;201; Да;https://spb.hse.ru/ba/;
"Национальный+исследовательский+ун-т.+""Моск.+энергетический+ин-т."""; 73.1; -0.7;2392;23; Нет;https://almamater13.ru/raznoe-2/misis-prohodnoj-ball-2018-na-byudzhet-prohodnye-bally-v-nitu-misis.html;
Национальный+исследовательский+ун-т.+«МИЭТ»+(Моск.+ин-т.+электронной+техники); 78.3; -2.2;865;12; Нет;https://www.miet.ru/;
"Национальный+исследовательский+ядерный+ун-т.+""МИФИ"",+г.+Москва"; 93.5; -1.5;824;304; Да;https://www.mephi.ru/;
Нижегородская+гос.+сельскохозяйственная+академия; 57.4; 1.2;407;0; Нет;https://nnsaa.ru/abiturientu/priyomnaya-komissiya/;
Нижегородский+гос.+архитектурно-строительный+ун-т.; 69.2; -1.3;732;0; Нет;https://www.nngasu.ru/Abitur/how-to-enter/about-pk.php;
Нижегородский+гос.+педагогический+ун-т.+им.+Козьмы+Минина; 74.1; -1.4;700;0; Нет;https://mininuniver.ru/entrant;
Нижегородский+гос.+техн.+ун-т.+им.+Р.Е.+Алексеева; 68.5; -0.4;1238;0; Да;https://www.nntu.ru/structure/view/podrazdeleniya/priemnaya-komissiya;
Нижневартовский+гос.+ун-т.; 65.5; 1.6;402;0; Нет;https://abiturient.nvsu.ru/;
Нижнетагильский+гос.+социально-педагогический+ин-т.; 65.5;;433;0; Да;https://ntspi.ru/about_academy/the_structure_of_the_academy/department/admitting_commission/;
Новокузнецкий+ин-т.+(филиал)+Кемеровского+государственного+ун-т.а; 67.5; 0.8;381;0; Нет;https://xn--e1afnjf.xn--c1akev.xn--p1ai/;
Новосибирский+национальный+исследовательский+гос.+ун-т.; 87.0; -0.8;1288;87; Нет;https://www.nsu.ru/n/education/apply/;
Новосибирский+гос.+аграрный+ун-т.; 59.7;0;745;0; Да;https://nskvuz.com/nsau;
Новосибирский+гос.+архитектурно-строительный+ун-т.; 67.2; 0.5;649;0; Нет;http://www.sibstrin.ru/abitur/;
Новосибирский+гос.+педагогический+ун-т.; 69.9; -0.7;998;0; Да;https://nspu.ru/abiturientu/;
Новосибирский+гос.+медицинский+ун-т.; 74.6; 0.1;570;0; Да;https://ngmu.ru/abitur;
Новосибирский+гос.+техн.+ун-т.; 73.1; -0.9;2023;3; Да;https://www.nstu.ru/entrance/committee;
Новгородский+гос.+ун-т.+им.+Ярослава+Мудрого; 70.2; 0.3;948;2; Нет;https://www.novsu.ru/;
Кабардино-Балкарский+гос.+аграрный+ун-т.+им.+В.М.+Кокова; 45.4; -0.6;360;0; Нет;https://www.kbgau.ru/abiturient/;
Кабардино-Балкарский+гос.+ун-т.+им.+Х.М.+Бербекова,+г.+Нальчик; 72.0; 5.2;921;0; Нет;https://pk.kbsu.ru/;
Калининградский+гос.+техн.+ун-т.; 61.4; -4.6;515;0; Да;https://www.klgtu.ru/abitur/;
Калмыцкий+гос.+ун-т.,+г.+Элиста; 61.1; 1.9;729;0; Нет;https://www.kalmgu.ru/abitur/;
Калужский+гос.+ун-т.+им.+К.Э.+Циолковского; 75.2; 0.7;453;1; Нет;https://tksu.ru/;
Калужский+филиал+Московского+государственного+технического+ун-т.а+им.+Н.Э.+Баумана; 66.9; -0.3;531;0; Да;https://bmstu-kaluga.ru/postupayushchim/prijomnaya-komissiya;
Казанская+гос.+академия+ветеринарной+медицины+им.+Н.Э.+Баумана; 64.6;1;315;0; Да;https://kazanveterinary.ru/abitur/prepare_admission/;
Казанский+(Приволжский)+федеральный+ун-т.; 80.0; -0.5;2893;10; Да;https://admissions.kpfu.ru/;
Казанский+национальный+исследовательский+техн.+ун-т.+им.+А.Н.Туполева; 75.4; 0.1;1436;14; Да;https://abiturientu.kai.ru/;
Казанский+национальный+исследовательский+технол.+ун-т.; 67.0;-2;1819;0; Да;https://www.kstu.ru/1leveltest.jsp?idparent=2813;
Казанский+гос.+аграрный+ун-т.; 56.7;-3;360;0; Да;https://priem.kazgau.ru/;
Казанский+гос.+архитектурно-строительный+ун-т.; 76.5; 1.4;429;0; Да;https://www.kgasu.ru/applicant/;
Казанский+гос.+медицинский+ун-т.; 77.6; -3.1;509;8; Да;https://kazangmu.ru/priemcom;
Казанский+гос.+энергетический+ун-т.; 71.1; -1.4;1045;0; Да;https://kgeu.ru/Abitur;
Карачаево-Черкесский+гос.+ун-т.+им.+У.Д.+Алиева; 59.6; 2.5;368;0; Нет;https://moeobrazovanie.ru/kchgu?supply;
Кемеровский+гос.+медицинский+ун-т.; 67.5; -2.9;654;0; Да;https://kemsmu.ru/abitur/;
Кемеровский+гос.+ун-т.; 65.8; -0.1;1334;3; Нет;https://kemsmu.ru/abitur/;
Кировский+гос.+медицинский+ун-т.; 73.4; 0.5;375;0; Да;https://www.kirovgma.ru/obrazovanie/abiturientam/priem2020;
Комсомольский-на-Амуре+гос.+техн.+ун-т.; 58.4; -0.5;666;0; Нет;https://knastu.ru/n/2490;
Костромская+гос.+сельскохозяйственная+академия; 53.7; -0.8;360;0; Да;https://kgsxa.ru/abit;
Костромской+гос.+ун-т.; 66.0; -0.5;703;0; Да;https://ksu.edu.ru/;
Кубанский+гос.+аграрный+ун-т.+им.+И.Т.+Трубилина,+г.+Краснодар; 67.9; 1.4;1001;0; Нет;https://kubsau.ru/entrant/;
Кубанский+гос.+медицинский+ун-т.,+г.+Краснодар; 77.0; -1.9;525;0; Да;http://www.ksma.ru/abitur/;
Кубанский+гос.+технол.+ун-т.,+г.+Краснодар; 68.6; -2.2;977;1; Да;https://kubstu.ru/;
Кубанский+гос.+ун-т.,+г.+Краснодар; 76.6; 0.2;1766;7; Да;https://www.kubsu.ru/ru/abiturient/contacts;
Кузбасский+гос.+техн.+ун-т.+им.+Т.Ф.+Горбачева,+г.+Кемерово; 58.2; -1.4;826;0; Да;https://kuzstu.ru/department/priemnaya-komissiya/;
Курганский+гос.+ун-т.; 63.8;-1;697;0; Нет;https://abit.kgsu.ru/;
Курский+гос.+медицинский+ун-т.; 73.5; -0.3;551;0; Да;https://kurskmed.com/department/admission_commission/section/admission_commission_2021;
Курский+гос.+ун-т.; 68.9; 0.2;855;0; Да;https://kursksu.ru/abitur/;
Красноярский+гос.+аграрный+ун-т.; 53.7; 0.1;599;0; Нет;http://www.kgau.ru/new/abiturient/;
Красноярский+гос.+педагогический+ун-т.+им.+В.П.+Астафьева; 68.5; -0.6;712;1; Да;http://www.kspu.ru/;
Красноярский+гос.+медицинский+ун-т.+им.+В.Ф.+Войно-Ясенецкого; 70.4; -4.6;476;5; Да;https://krasgmu.ru/index.php?page[self]=abit_enter;
Крымский+инженерно-педагогический+ун-т.,+г.+Симферополь; 56.6;;720;0; Да;https://kipu-rc.ru/priemnaya-komissiya.html;
Крымский+федеральный+ун-т.+им.+В.И.+Вернадского; 64.7; -2.3;2520;2; Да;https://vk.com/pkcfu#:~:text=%D0%A1%20%D0%B2%D0%BE%D0%BF%D1%80%D0%BE%D1%81%D0%B0%D0%BC%D0%B8%20%D0%BF%D0%BE%20%D0%BF%D0%BE%D1%81%D1%82%D1%83%D0%BF%D0%BB%D0%B5%D0%BD%D0%B8%D1%8E%20%D0%BE%D0%B1%D1%80%D0%B0%D1%89%D0%B0%D1%82%D1%8C%D1%81%D1%8F,3652%2060%2D22%2D38.;
Майкопский+гос.+технол.+ун-т.; 60.4; 2.2;344;0; Нет;https://moeobrazovanie.ru/maygtu?supply;
Магнитогорский+гос.+техн.+ун-т.+им.+Г.И.+Носова; 64.8;1;1405;2; Нет;https://www.magtu.ru/abitur.html;
Марийский+гос.+ун-т.,+г.+Йошкар-Ола; 66.9; 1.2;1277;0; Нет;https://marsu.ru/;
МИРЭА+-+Российский+технол.+ун-т.; 81.5; 1.6;3031;54; Да;https://priem.mirea.ru/;
Мичуринский+гос.+аграрный+ун-т.; 53.8; -2.2;501;0; Нет;http://www.mgau.ru/about/departments/pk/;
Моск.+авиационный+ин-т.+(национальный+исследовательский+ун-т.); 78.5;1;2790;22; Да;https://priem.mai.ru/;
Моск.+автомобильно-дорожный+гос.+техн.+ун-т.+(МАДИ); 65.7; -0.5;794;1; Да;https://pk.madi.ru/;
Моск.+педагогический+гос.+ун-т.; 79.5; -0.5;1225;5; Да;http://mpgu.su/postuplenie/;
Моск.+политехн.+ун-т.; 76.1; 2.5;1756;35; Да;http://195.9.34.73/index.php?id=6453#:~:text=%D0%BC%D0%BD%D0%BE%D0%B3%D0%BE%D0%BA%D0%B0%D0%BD%D0%B0%D0%BB%D1%8C%D0%BD%D1%8B%D1%85%20%D1%82%D0%B5%D0%BB%D0%B5%D1%84%D0%BE%D0%BD%D0%BE%D0%B2%3A%20(495)%20223,.php%3Fid%3D1333.;
Моск.+гос.+лингвистический+ун-т.; 89.6;0;532;48; Да;https://linguanet.ru/postupayushchim/informatsiya-priyemnoy-komissii/;
Моск.+гос.+ин-т.+международных+отношений; 96.7; 0.5;405;102; Да;https://abiturient.mgimo.ru/;
Моск.+гос.+областной+ун-т.; 73.8;1;840;14; Да;https://mgou.ru/abitur;
Моск.+гос.+психолого-педагогический+ун-т.; 79.3; 2.9;500;0; Нет;https://mgppu.ru/abitur;
Моск.+гос.+медико-стоматологический+ун-т.; 81.9; -0.3;642;23; Да;https://www.msmsu.ru/kontakty/priyemnaya-komissiya/;
Моск.+гос.+техн.+ун-т.+им.+Н.Э.+Баумана; 82.7; 0.8;3551;201; Да;http://bmstu.ru/;
Моск.+гос.+техн.+ун-т.+гражданской+авиации; 64.9; -0.6;575;0; Да;http://www.mstuca.ru/applicants/the_admissions_committee/;
"Моск.+гос.+технол.+ун-т.+""Станкин"""; 71.2; -0.5;829;3; Да;https://stankin.ru/abitur/;
Моск.+гос.+ун-т.+им.+М.В.+Ломоносова; 90.2; -0.6;3835;496; Да;http://cpk.msu.ru/;
Моск.+гос.+ун-т.+геодезии+и+картографии; 70.9; -2.8;467;2; Да;https://miigaik.ru/Abitur/;
Моск.+гос.+ун-т.+пищевых+производств; 76.8; 1.6;591;0; Да;https://mgupp.ru/abitur/;
Моск.+гос.+ун-т.+технологий+и+управления+им.+К.Г.+Разумовского+(Первый+казачий+ун-т.); 74.7; -6.2;322;0; Да;https://mgutm.ru/abiturient/;
Моск.+гос.+юридический+ун-т.+им.+О.Е.+Кутафина; 89.6; -0.3;809;79; Да;https://msal.ru/content/abiturientam/;
Моск.+городской+педагогический+ун-т.; 87.2; 1.7;1094;82; Да;https://www.mgpu.ru/priemnaya-komissiya/;
Моск.+техн.+ун-т.+связи+и+информатики; 75.1; -1.8;1022;18; Да;https://mtuci.ru/abitur/;
Моск.+физико-техн.+ин-т.; 97.1; -0.5;914;382; Да;https://pk.mipt.ru/;
Мордовский+гос.+педагогический+ин-т.+им.+М.Е.+Евсевьева,+г.+Саранск; 64.2; -0.6;575;0; Нет;https://www.mordgpi.ru/;
Морской+гос.+ун-т.+им.+адмирала+Г.И.+Невельского,+г.+Владивосток; 58.1; 1.5;444;0; Нет;https://www.msun.ru/ru/prospect;
Мытищинский+филиал+МГТУ+им.+Н.+Э.+Баумана+(МГУЛ); 64.4; 3.3;512;0; Да;https://mf.bmstu.ru/info/priem/;
Мурманский+гос.+техн.+ун-т.; 64.0; -1.4;408;0; Да;http://www.mstu.edu.ru/;
Забайкальский+гос.+ун-т.; 58.4; -1.8;818;0; Нет;http://zabgu.ru/php/rector_reception.php#:~:text=%D0%92%D0%B0%D1%88%D0%B8%20%D0%B2%D0%BE%D0%BF%D1%80%D0%BE%D1%81%D1%8B%20%D0%BE%20%D0%BF%D0%BE%D1%81%D1%82%D1%83%D0%BF%D0%BB%D0%B5%D0%BD%D0%B8%D0%B8%20%D0%B2,%2D35%2D16%2D35.;
Обнинский+ин-т.+атомной+энергетики+-+филиал+Национального+исследовательского+ядерного+ун-т.а+«МИФИ»; 73.4; -0.7;410;2; Да;https://mephi.ru/node/16367;
Омский+гос.+аграрный+ун-т.; 56.2; -0.6;721;0; Нет;https://www.omgau.ru/abiturientu/priemnaja_komissija/;
Омский+гос.+педагогический+ун-т.; 68.0; 0.5;704;0; Нет;https://omgpu.ru/priemnaya-komissiya-universiteta;
Омский+гос.+медицинский+ун-т.; 71.7; -1.8;395;0; Нет;https://omsk-osma.ru/postupayuschim;
Омский+гос.+техн.+ун-т.; 64.4; 0.9;1891;1; Нет;https://www.omgtu.ru/entrant/;
Омский+гос.+ун-т.+им.+Ф.М.+Достоевского; 70.3; -2.9;774;4; Да;https://omsu.ru/;
Омский+гос.+ун-т.+путей+сообщения; 54.8; -2.4;763;0; Нет;https://www.omgups.ru/abitur/;
Орловский+гос.+аграрный+ун-т.; 59.9;;438;0; Да;https://www.orelsau.ru/;
Орловский+гос.+ун-т.+им.+И.С.+Тургенева; 68.2; -0.9;1581;2; Нет;http://oreluniver.ru/pk;
Оренбургский+гос.+аграрный+ун-т.; 53.1;;533;0; Нет;https://orensau.ru/ru/abit/11-2010-11-10-08-45-30/7865-priemnaya-komissiya;
Оренбургский+гос.+педагогический+ун-т.; 72.5; -0.2;434;0; Нет;https://ospu.ru/;
Оренбургский+гос.+медицинский+ун-т.; 74.3;-1;540;0; Нет;https://omsk-osma.ru/ob-universitete/obschestvennaya-priemnaya#:~:text=%D0%9F%D0%BE%D1%87%D1%82%D0%BE%D0%B2%D1%8B%D0%B9%20%D0%B0%D0%B4%D1%80%D0%B5%D1%81%3A%20644043%2C%20%D0%B3.,%40omsk%2Dosma.ru.;
Оренбургский+гос.+ун-т.; 65.6; 0.4;1264;0; Нет;http://abiturient.osu.ru/;
Санкт-Петербургский+политехн.+ун-т.+Петра+Великого; 82.6; 0.2;2958;133; Да;https://www.spbstu.ru/applicants/admissions/;
Санкт-Петербургский+гос.+лесотехн.+ун-т.+им.+С.М.+Кирова; 75.0;0;543;0; Нет;https://spbftu.ru/abitur/;
Санкт-Петербургский+гос.+аграрный+ун-т.; 63.2; -3.5;386;0; Нет;https://spbgau.ru/entering/;
Санкт-Петербургский+гос.+архитектурно-строительный+ун-т.; 78.3; 0.4;1181;0; Нет;https://www.spbgasu.ru/Abiturientam/;
Санкт-Петербургский+гос.+педиатрический+медицинский+ун-т.; 80.5; -0.4;677;2; Да;https://gpmu.org/education/entrants/;
Санкт-Петербургский+гос.+морской+техн.+ун-т.; 71.6; 1.7;970;3; Нет;https://www.smtu.ru/;
Санкт-Петербургский+гос.+ун-т.; 92.0; 0.1;2136;366; Да;https://abiturient.spbu.ru/;
Санкт-Петербургский+гос.+ун-т.+аэрокосмического+приборостроения; 81.3; 3.8;1356;11; Нет;https://priem.guap.ru/;
Санкт-Петербургский+гос.+ун-т.+ветеринарной+медицины; 76.1; 2.2;409;0; Нет;https://spbguvm.ru/;
Санкт-Петербургский+гос.+ун-т.+гражданской+авиации; 76.2; 0.8;438;0; Нет;https://spbguga.ru/education/abiturientam/;
Санкт-Петербургский+гос.+ун-т.+промышленных+технологий+и+дизайна; 79.5; -1.1;906;208; Да;http://prouniver.ru/;
Санкт-Петербургский+гос.+ун-т.+телекоммуникаций+им.+М.А.+Бонч-Бруевича; 74.8; 0.7;921;0; Нет;http://priem.sut.ru/;
Санкт-Петербургский+гос.+электротехн.+ун-т.+“ЛЭТИ”; 82.9; 0.3;1517;15; Да;https://etu.ru/ru/abiturientam/;
Санкт-Петербургский+гос.+экономический+ун-т.; 85.7; -0.3;512;12; Да;https://unecon.ru/abitur;
Санкт-Петербургский+горный+ун-т.; 80.8; 2.3;1831;64; Нет;https://priem.spmi.ru/;
Таганрогский+ин-т.+им.+А.П.+Чехова+(филиал)+Ростовского+государственного+экономического+ун-т.а+(РИНХ); 62.4;-1;336;0; Да;https://www.tgpi.ru/;
Тамбовский+гос.+техн.+ун-т.; 59.4; -6.5;549;0; Нет;https://www.tstu.ru/r.php?r=postup.abitur.priem;
Тамбовский+гос.+ун-т.+им.+Г.Р.+Державина; 67.6; -0.9;929;0; Нет;https://www.tsutmb.ru/;
Самарский+национальный+исследовательский+ун-т.+им.+академика+С.П.+Королева; 75.0; -0.2;2016;16; Нет;https://ssau.ru/priem;
Самарский+гос.+аграрный+ун-т.; 54.2; -0.4;332;0; Нет;http://ssaa.ru/abitur;
Самарский+гос.+медицинский+ун-т.; 75.4; -2.3;763;1; Да;https://samsmu.ru/entrants/vo/;
Самарский+гос.+техн.+ун-т.; 68.1;1;2012;6; Нет;https://samgtu.ru/admission;
Самарский+гос.+ун-т.+путей+сообщения; 54.5; -0.2;685;0; Нет;https://www.samgups.ru/;
Самарский+гос.+социально-педагогический+ун-т.; 71.1; -0.6;655;1; Нет;https://www.pgsga.ru/abitur/;
Сахалинский+гос.+ун-т.,+г.+Южно-Сахалинск; 58.8; -1.3;327;1; Нет;http://sakhgu.ru/struktura-vuza/administrativnye_podrazdeleniya/pk/;
Саратовская+гос.+юридическая+академия; 79.8;-1;536;0; Да;http://xn--80af5bzc.xn--p1ai/ru/pko2019;
Саратовский+национальный+исследовательский+гос.+ун-т.+им.+Н.+Г.+Чернышевского; 69.9; 1.2;1568;3; Да;https://www.sgu.ru/admission;
Саратовский+гос.+аграрный+ун-т.+им.+Н.И.+Вавилова; 55.2; -2.9;758;0; Нет;https://www.sgau.ru/abitur/;
Саратовский+гос.+медицинский+ун-т.; 75.0; -1.7;829;0; Да;http://admission.sgmu.ru/;
Саратовский+гос.+техн.+ун-т.; 66.5; 1.8;1098;0; Нет;https://www.sstu.ru/abiturientu/;
Севастопольский+гос.+ун-т.; 65.8; -0.6;1724;0; Да;https://www.sevsu.ru/admission;
Северо-Восточный+федеральный+ун-т.+им.+М.К.+Аммосова; 63.3; -0.8;2284;31; Нет;https://priem.s-vfu.ru/;
Северо-Кавказская+гос.+академия,+г.+Черкесск; 56.5; -7.2;369;0; Да;https://ncsa.ru/page/content/abitur.html;
Северо-Кавказский+горно-металлургический+ин-т.+(гос.+технол.+ун-т.)+,+г.+Владикавказ; 52.8;-6;617;0; Да;https://www.skgmi-gtu.ru/;
Северо-Кавказский+федеральный+ун-т.; 72.1; 1.5;1610;3; Да;https://www.ncfu.ru/for-employee/departments/priemnaya-komissiya/;
Северо-Западный+гос.+медицинский+ун-т.+им.+И.И.Мечникова,+г.+Санкт-Петербург; 78.0; -1.9;595;8; Да;https://szgmu.ru/rus/m/33/;
Северо-Осетинская+гос.+медицинская+академия,+г.+Владикавказ; 70.1; -0.7;377;0; Да;http://sogma.ru/;
Северо-Осетинский+гос.+ун-т.+им.+К.Л.+Хетагурова,+г.+Владикавказ; 65.7; -0.4;540;0; Нет;https://www.nosu.ru/;
Северный+(Арктический)+федеральный+ун-т.+им.+М.В.+Ломоносова; 66.0; -2.5;1708;1; Да;https://narfu.ru/entrant/priem/;
Северный+гос.+медицинский+ун-т.,+г.+Архангельск; 69.8; -2.3;474;1; Да;http://www.nsmu.ru/abitur/;
Сибирский+гос.+автомобильно-дорожный+ун-т.,+г.+Омск; 62.5; -0.7;546;0; Нет;https://sibadi.org/;
Сибирский+гос.+индустриальный+ун-т.,+г.+Новокузнецк; 65.3; 2.3;1095;1; Нет;https://www.sibsiu.ru/abiturientu/priemnaya-kampaniya-new/;
Сибирский+гос.+медицинский+ун-т.,+г.+Томск; 73.8; -0.2;996;17; Да;https://abiturient.ssmu.ru/;
Сибирский+гос.+ун-т.+науки+и+технологий+им.+М.Ф.+Решетнева,+г.+Красноярск; 62.6; -0.4;1952;2; Да;https://abiturient.sibsau.ru/;
Сибирский+гос.+ун-т.+геосистем+и+технологий,+г.+Новосибирск; 67.8;-1;489;0; Нет;https://sgugit.ru/abitur/;
Сибирский+гос.+ун-т.+водного+транспорта; 55.4; -3.2;593;0; Нет;http://www.ssuwt.ru/;
Сибирский+гос.+ун-т.+путей+сообщения,+г.+Новосибирск; 62.6; -2.8;562;2; Да;https://www.stu.ru/abiturient/;
Сибирский+гос.+ун-т.+телекоммуникаций+и+информатики,+г.+Новосибирск; 65.5;-4;948;0; Да;https://sibsutis.ru/applicants/;
Сибирский+федеральный+ун-т.; 70.1;-1;3337;8; Да;https://admissions.sfu-kras.ru/contacts;
Тихоокеанский+гос.+медицинский+ун-т.,+г.+Владивосток; 65.1; -1.6;503;0; Нет;https://tgmu.ru/abitur/;
Тихоокеанский+гос.+ун-т.,+г.+Хабаровск; 65.8; -1.2;1122;0; Да;https://pnu.edu.ru/ru/applicant/training/about/;
Тольяттинский+гос.+ун-т.; 64.4; -0.8;834;0; Да;https://priem.tltsu.ru/;
Томский+гос.+архитектурно-строительный+ун-т.; 70.6; 0.5;670;0; Нет;https://tsuab.ru/departments/admissionCommittee;
Томский+гос.+педагогический+ун-т.; 66.4; -1.6;485;1; Да;https://abiturient.tspu.edu.ru/;
Томский+гос.+ун-т.+систем+управления+и+радиоэлектроники; 68.7; -0.3;1236;3; Нет;https://abiturient.tusur.ru/;
Сочинский+гос.+ун-т.; 66.6; -1.6;412;0; Нет;https://sutr.ru/applicants/the_admissions_committee/38/;
Тверской+гос.+медицинский+ун-т.; 76.3;-2;361;0; Да;https://tvgmu.ru/docs/%D0%9F%D1%80%D0%B8%D1%91%D0%BC%D0%BD%D0%B0%D1%8F%20%D0%BA%D0%BE%D0%BC%D0%B8%D1%81%D1%81%D0%B8%D1%8F;
Тверской+гос.+техн.+ун-т.; 61.6; -0.4;552;0; Нет;https://priem.tversu.ru/;
Тверской+гос.+ун-т.; 68.6; -3.5;856;0; Да;https://priem.tversu.ru/;
Смоленский+гос.+медицинский+ун-т.; 71.9; -0.6;494;0; Да;http://smolgmu.ru/abitur/abitur.html;
Смоленский+гос.+ун-т.; 71.0; 1.8;321;0; Да;http://abiturient.smolgu.ru/;
Ставропольский+гос.+аграрный+ун-т.; 62.2; 0.8;565;0; Да;http://www.stgau.ru/abiturient/;
Ставропольский+гос.+педагогический+ин-т.; 67.2; 0.1;440;0; Нет;https://sspi.ru/abitur/;
Ставропольский+гос.+медицинский+ун-т.; 71.4; -1.2;490;0; Да;https://stgmu.ru/?s=abiturient&page=10000186;
Стерлитамакский+филиал+Башкирского+государственного+ун-т.а; 66.5; 1.8;387;0; Да;https://strbsu.ru/Abitur;
Сыктывкарский+гос.+ун-т.; 67.6; 0.4;750;1; Нет;https://www.syktsu.ru/abitur/contact/;
Тульский+гос.+педагогический+ун-т.+им.+Л.Н.+Толстого; 66.9;-4;734;3; Нет;https://tsput.ru/;
Тульский+гос.+ун-т.; 65.7; -2.2;1393;0; Да;https://abitur71.tsu.tula.ru/;
Тувинский+гос.+ун-т.,+г.+Кызыл; 62.9;7;663;0; Да;https://moeobrazovanie.ru/tuvgu?supply;
Сургутский+гос.+педагогический+ун-т.; 66.6; 0.3;420;0; Нет;https://www.surgpu.ru/Abitur/;
Сургутский+гос.+ун-т.+Ханты-Мансийского+автономного+округа+—+Югры; 69.2; 0.6;908;0; Нет;https://abiturient.surgu.ru/ru/adres-i-chasy-raboty-priemnoy-komissii;
Тюменский+индустриальный+ун-т.; 66.1;-1;2206;2; Да;https://www.tyuiu.ru/abitur/contacts/;
Тюменский+гос.+медицинский+ун-т.; 74.3; -2.1;563;2; Нет;https://www.tyumsmu.ru/abitur/;
Тюменский+гос.+ун-т.; 77.9; -0.8;1408;18; Да;https://abiturient.utmn.ru/;
Пензенский+гос.+аграрный+ун-т.; 54.0;-1;395;0; Да;https://pgau.ru/abitur;
Пензенский+гос.+технол.+ун-т.; 63.5; -2.6;409;0; Нет;https://www.pnzgu.ru/Abitur/abitur_2021;
Пензенский+гос.+ун-т.; 69.6; -2.1;1522;9; Да;https://www.pnzgu.ru/Abitur/abitur_2021;
Пензенский+гос.+ун-т.+архитектуры+и+строительства; 65.6; 2.6;540;25; Да;http://pguas.ru/abitur;
Петербургский+гос.+ун-т.+путей+сообщения; 64.5; -0.1;1016;0; Нет;https://priem.pgups.ru/;
Петрозаводский+гос.+ун-т.; 70.2; 0.6;1336;1; Нет;https://petrsu.ru/page/aggr/abit;
Первый+гос.+московский+медицинский+ун-т.+им.+И.М.+Сеченова; 84.4; -0.6;1861;230; Да;https://mskvuz.com/mgmu;
Первый+Санкт-Петербургский+гос.+медицинский+ун-т.+им.+И.П.+Павлова; 80.3; -1.8;696;3; Да;https://www.1spbgmu.ru/obrazovanie/priemnaya-komissiya;
Пермский+национальный+исследовательский+политехн.+ун-т.; 69.0; -0.2;1822;0; Нет;https://pstu.ru/enrollee/;
Пермский+гос.+аграрно-технол.+ун-т.+им.+академика+Д.Н.+Прянишникова; 61.8; 1.5;585;0; Нет;https://pgsha.ru/candidate/;
Пермский+гос.+национальный+исследовательский+ун-т.; 71.8; -2.5;1472;2; Нет;http://www.psu.ru/postupayushchim-v-permskij-universitet;
Пермский+гос.+гуманитарно-педагогический+ун-т.; 69.5; -1.6;555;0; Да;https://pspu.ru/enrollee/prijemnaja-komissija;
Пермский+гос.+медицинский+ун-т.; 71.8; 0.5;491;0; Да;https://abit.psma.ru/;
Поволжский+гос.+технол.+ун-т.,+г.+Йошкар-Ола; 68.3; 2.4;1301;0; Нет;https://www.volgatech.net/;
Поволжский+гос.+ун-т.+телекоммуникаций+и+информатики,+г.+Самара; 62.7; 0.4;820;0; Нет;https://www.psuti.ru/;
Псковский+гос.+ун-т.; 67.8; -2.5;600;0; Нет;https://pskgu.ru/page/f5a8a217-f18f-42a0-b43c-4ed96ccaa05f#:~:text=%D0%A2%D0%95%D0%9B%D0%95%D0%A4%D0%9E%D0%9D%20%D0%93%D0%9E%D0%A0%D0%AF%D0%A7%D0%95%D0%99%20%D0%9B%D0%98%D0%9D%D0%98%D0%98%20%D0%9F%D0%A0%D0%98%D0%95%D0%9C%D0%9D%D0%9E%D0%99%20%D0%9A%D0%9E%D0%9C%D0%98%D0%A1%D0%A1%D0%98%D0%98,%D0%B2%D1%85%D0%BE%D0%B4%20%D1%81%D0%BE%20%D1%81%D1%82%D0%BE%D1%80%D0%BE%D0%BD%D1%8B%20%D1%83%D0%BD%D0%B8%D0%B2%D0%B5%D1%80%D1%81%D0%B8%D1%82%D0%B5%D1%82%D1%81%D0%BA%D0%BE%D0%B3%D0%BE%20%D1%81%D0%BA%D0%B2%D0%B5%D1%80%D0%B0.;
Приволжский+исследовательский+медицинский+ун-т.,+г.+Нижний+Новгород; 76.2; -3.2;475;0; Да;https://pimunn.ru/priemna1kurs;
